{"is_source_file": true, "format": "Python", "description": "This file sets up a database session for a Python application using SQLAlchemy. It configures the database engine, session factory, and provides a generator function to manage database sessions as a dependency, likely for use with FastAPI.", "external_files": ["src/db/config.py"], "external_methods": ["get_database_url"], "published": ["get_db"], "classes": [], "methods": [{"name": "Generator[Session,None,None] get_db()", "description": "Provides a database session as a generator, ensuring proper closure of the session after use.", "scope": "", "scopeKind": ""}], "calls": ["get_database_url", "create_engine", "sessionmaker", "SessionLocal()", "db.close"], "search-terms": ["SQLAlchemy", "sessionmaker", "database connection", "session dependency", "FastAPI"], "state": 2, "file_id": 7, "knowledge_revision": 24, "git_revision": "522fd31268126df6cf88d0e597b3b54223ad0948", "ctags": [{"_type": "tag", "name": "DATABASE_URL", "path": "/home/kavia/workspace/code-generation/gourmet-express-216707-216717/food_delivery_backend/src/db/session.py", "pattern": "/^DATABASE_URL = get_database_url()$/", "language": "Python", "kind": "variable"}, {"_type": "tag", "name": "SessionLocal", "path": "/home/kavia/workspace/code-generation/gourmet-express-216707-216717/food_delivery_backend/src/db/session.py", "pattern": "/^SessionLocal = sessionmaker(bind=engine, autocommit=False, autoflush=False)$/", "language": "Python", "kind": "variable"}, {"_type": "tag", "name": "engine", "path": "/home/kavia/workspace/code-generation/gourmet-express-216707-216717/food_delivery_backend/src/db/session.py", "pattern": "/^engine = create_engine($/", "language": "Python", "kind": "variable"}, {"_type": "tag", "name": "get_db", "path": "/home/kavia/workspace/code-generation/gourmet-express-216707-216717/food_delivery_backend/src/db/session.py", "pattern": "/^def get_db() -> Generator[Session, None, None]:$/", "language": "Python", "typeref": "typename:Generator[Session,None,None]", "kind": "function", "signature": "()"}], "hash": "bbac71acef570278f265ed777de87642", "format-version": 4, "code-base-name": "food_delivery_backend", "filename": "food_delivery_backend/src/db/session.py", "fields": [{"name": "DATABASE_URL = get_database_url()", "scope": "", "scopeKind": "", "description": "unavailable"}, {"name": "SessionLocal = sessionmaker(bind=engine, autocommit=False, autoflush=False)", "scope": "", "scopeKind": "", "description": "unavailable"}, {"name": "engine = create_engine(", "scope": "", "scopeKind": "", "description": "unavailable"}], "revision_history": [{"24": "522fd31268126df6cf88d0e597b3b54223ad0948"}]}