{"is_source_file": true, "format": "Python", "description": "This file provides utility functions for reading and parsing database connection configurations, including searching for connection files and extracting URLs from their contents.", "external_files": ["os", "pathlib.Path", "typing.Optional"], "external_methods": ["os.getenv", "Path.is_file", "Path.read_text"], "published": ["get_database_url"], "classes": [], "methods": [{"name": "Optional[str] _parse_db_connection_txt(text: str)", "description": "Parses the content of a db_connection.txt file to extract a PostgreSQL connection URL, handling variations in format.", "scope": "", "scopeKind": ""}, {"name": "Optional[str] _try_read_first_existing(paths: list[Path])", "description": "Attempts to read the first existing file from a list of candidate paths, returning its content.", "scope": "", "scopeKind": ""}, {"name": "str get_database_url()", "description": "Retrieves the database connection URL either from environment variables or by reading known configuration files.", "scope": "", "scopeKind": ""}], "calls": ["os.getenv", "Path.is_file", "Path.read_text"], "search-terms": ["db_connection.txt", "get_database_url", "parse_db_connection_txt", "DATABASE_URL", "Path", "config"], "state": 2, "file_id": 6, "knowledge_revision": 20, "git_revision": "522fd31268126df6cf88d0e597b3b54223ad0948", "ctags": [{"_type": "tag", "name": "DEFAULT_DB_CONNECTION_TXT_CANDIDATES", "path": "/home/kavia/workspace/code-generation/gourmet-express-216707-216717/food_delivery_backend/src/db/config.py", "pattern": "/^DEFAULT_DB_CONNECTION_TXT_CANDIDATES = [$/", "language": "Python", "kind": "variable"}, {"_type": "tag", "name": "_parse_db_connection_txt", "path": "/home/kavia/workspace/code-generation/gourmet-express-216707-216717/food_delivery_backend/src/db/config.py", "pattern": "/^def _parse_db_connection_txt(text: str) -> Optional[str]:$/", "language": "Python", "typeref": "typename:Optional[str]", "kind": "function", "signature": "(text: str)"}, {"_type": "tag", "name": "_try_read_first_existing", "path": "/home/kavia/workspace/code-generation/gourmet-express-216707-216717/food_delivery_backend/src/db/config.py", "pattern": "/^def _try_read_first_existing(paths: list[Path]) -> Optional[str]:$/", "language": "Python", "typeref": "typename:Optional[str]", "kind": "function", "signature": "(paths: list[Path])"}, {"_type": "tag", "name": "get_database_url", "path": "/home/kavia/workspace/code-generation/gourmet-express-216707-216717/food_delivery_backend/src/db/config.py", "pattern": "/^def get_database_url() -> str:$/", "language": "Python", "typeref": "typename:str", "kind": "function", "signature": "()"}], "hash": "cfbdd962fc318338ec7b04eb6848583f", "format-version": 4, "code-base-name": "food_delivery_backend", "filename": "food_delivery_backend/src/db/config.py", "fields": [{"name": "DEFAULT_DB_CONNECTION_TXT_CANDIDATES = [", "scope": "", "scopeKind": "", "description": "unavailable"}], "revision_history": [{"20": "522fd31268126df6cf88d0e597b3b54223ad0948"}]}