{"is_source_file": true, "format": "Python", "description": "This file sets up a FastAPI web application with CORS middleware and a basic health check endpoint.", "external_files": ["fastapi", "fastapi.middleware.cors"], "external_methods": ["FastAPI", "CORSMiddleware"], "published": ["app"], "classes": [], "methods": [{"name": "health_check()", "description": "A GET endpoint at '/' that returns a simple health status message.", "scope": "", "scopeKind": ""}], "calls": ["app.add_middleware", "CORSMiddleware"], "search-terms": ["FastAPI setup", "CORS middleware", "health check endpoint", "main.py", "API initialization"], "state": 2, "file_id": 3, "knowledge_revision": 9, "git_revision": "0e7b35df99ef9191407584292982b184fbfce528", "ctags": [{"_type": "tag", "name": "app", "path": "/home/kavia/workspace/code-generation/gourmet-express-216707-216717/food_delivery_backend/src/api/main.py", "pattern": "/^app = FastAPI()$/", "language": "Python", "kind": "variable"}, {"_type": "tag", "name": "health_check", "path": "/home/kavia/workspace/code-generation/gourmet-express-216707-216717/food_delivery_backend/src/api/main.py", "pattern": "/^def health_check():$/", "language": "Python", "kind": "function", "signature": "()"}], "hash": "58352bf5f133908bab16643199aa483d", "format-version": 4, "code-base-name": "food_delivery_backend", "filename": "food_delivery_backend/src/api/main.py", "fields": [{"name": "app = FastAPI()", "scope": "", "scopeKind": "", "description": "unavailable"}], "revision_history": [{"9": "0e7b35df99ef9191407584292982b184fbfce528"}]}