{"is_source_file": true, "file_id": 6, "git_revision": "", "state": 1, "description": "", "external_files": [], "external_methods": [], "published": [], "classes": [], "methods": [], "calls": [], "search-terms": [], "ctags": [{"_type": "tag", "name": "DEFAULT_DB_CONNECTION_TXT_CANDIDATES", "path": "/home/kavia/workspace/code-generation/gourmet-express-216707-216717/food_delivery_backend/src/db/config.py", "pattern": "/^DEFAULT_DB_CONNECTION_TXT_CANDIDATES = [$/", "language": "Python", "kind": "variable"}, {"_type": "tag", "name": "_parse_db_connection_txt", "path": "/home/kavia/workspace/code-generation/gourmet-express-216707-216717/food_delivery_backend/src/db/config.py", "pattern": "/^def _parse_db_connection_txt(text: str) -> Optional[str]:$/", "language": "Python", "typeref": "typename:Optional[str]", "kind": "function", "signature": "(text: str)"}, {"_type": "tag", "name": "_try_read_first_existing", "path": "/home/kavia/workspace/code-generation/gourmet-express-216707-216717/food_delivery_backend/src/db/config.py", "pattern": "/^def _try_read_first_existing(paths: list[Path]) -> Optional[str]:$/", "language": "Python", "typeref": "typename:Optional[str]", "kind": "function", "signature": "(paths: list[Path])"}, {"_type": "tag", "name": "get_database_url", "path": "/home/kavia/workspace/code-generation/gourmet-express-216707-216717/food_delivery_backend/src/db/config.py", "pattern": "/^def get_database_url() -> str:$/", "language": "Python", "typeref": "typename:str", "kind": "function", "signature": "()"}], "format": "Python", "hash": "cfbdd962fc318338ec7b04eb6848583f", "format-version": 4, "code-base-name": "food_delivery_backend", "filename": "food_delivery_backend/src/db/config.py", "knowledge_revision": 11}