{"is_source_file": true, "format": "Python", "description": "This file defines various Pydantic data models for a food delivery backend system, including schemas for users, restaurants, menu items, orders, payments, and deliveries.", "external_files": ["pydantic"], "external_methods": ["BaseModel", "EmailStr", "Field"], "published": ["UserCreate", "UserRead", "RestaurantCreate", "RestaurantRead", "MenuItemCreate", "MenuItemRead", "OrderItemCreate", "OrderCreate", "OrderItemRead", "OrderRead", "PaymentCreate", "PaymentRead", "DeliveryCreate", "DeliveryRead", "DeliveryStatusHistoryCreate", "DeliveryStatusHistoryRead"], "classes": [{"name": "_BaseSchema", "description": "Base schema class extending Pydantic's BaseModel with custom configuration."}, {"name": "UserCreate", "description": "Schema for creating a new user, including email, name, role, and optional password."}, {"name": "UserRead", "description": "Schema for reading user details, including id, email, name, role, and creation timestamp."}, {"name": "RestaurantCreate", "description": "Schema for creating a restaurant, with name, optional description, and address."}, {"name": "RestaurantRead", "description": "Schema for retrieving restaurant details, including id, name, description, address, and creation timestamp."}, {"name": "MenuItemCreate", "description": "Schema for creating a menu item, including restaurant ID, name, description, price, image URL, and availability status."}, {"name": "MenuItemRead", "description": "Schema for reading menu item details, including id, restaurant ID, name, description, price, image URL, availability, and creation timestamp."}, {"name": "OrderItemCreate", "description": "Schema for creating an order item, specifying menu item ID and quantity."}, {"name": "OrderCreate", "description": "Schema for creating an order, including user ID, restaurant ID, optional delivery address, and list of items."}, {"name": "OrderItemRead", "description": "Schema for reading order item details, including id, order ID, menu item ID, quantity, unit price, and line total."}, {"name": "OrderRead", "description": "Schema for reading order details, including id, user ID, restaurant ID, status, total amount, delivery address, timestamps, and items."}, {"name": "PaymentCreate", "description": "Schema for creating a payment record, including order ID, provider, amount, and optional provider payment ID and payload."}, {"name": "PaymentRead", "description": "Schema for reading payment details, including id, order ID, provider, status, amount, provider payment ID, payload, and timestamps."}, {"name": "DeliveryCreate", "description": "Schema for creating a delivery record, including order ID, optional delivery person ID, and ETA."}, {"name": "DeliveryRead", "description": "Schema for reading delivery details, including id, order ID, delivery person ID, status, ETA, and timestamps."}, {"name": "DeliveryStatusHistoryCreate", "description": "Schema for creating a delivery status history entry, including delivery ID, status, and optional note."}, {"name": "DeliveryStatusHistoryRead", "description": "Schema for reading delivery status history, including id, delivery ID, status, note, and timestamp."}], "methods": [{"name": "__future__.annotations", "description": "Imports postponed evaluation of annotations for compatibility with forward references."}], "calls": [], "state": 2, "file_id": 10, "knowledge_revision": 27, "git_revision": "522fd31268126df6cf88d0e597b3b54223ad0948", "ctags": [{"_type": "tag", "name": "DeliveryCreate", "path": "/home/kavia/workspace/code-generation/gourmet-express-216707-216717/food_delivery_backend/src/schemas/schemas.py", "pattern": "/^class DeliveryCreate(_BaseSchema):$/", "language": "Python", "kind": "class"}, {"_type": "tag", "name": "DeliveryRead", "path": "/home/kavia/workspace/code-generation/gourmet-express-216707-216717/food_delivery_backend/src/schemas/schemas.py", "pattern": "/^class DeliveryRead(_BaseSchema):$/", "language": "Python", "kind": "class"}, {"_type": "tag", "name": "DeliveryStatusHistoryCreate", "path": "/home/kavia/workspace/code-generation/gourmet-express-216707-216717/food_delivery_backend/src/schemas/schemas.py", "pattern": "/^class DeliveryStatusHistoryCreate(_BaseSchema):$/", "language": "Python", "kind": "class"}, {"_type": "tag", "name": "DeliveryStatusHistoryRead", "path": "/home/kavia/workspace/code-generation/gourmet-express-216707-216717/food_delivery_backend/src/schemas/schemas.py", "pattern": "/^class DeliveryStatusHistoryRead(_BaseSchema):$/", "language": "Python", "kind": "class"}, {"_type": "tag", "name": "MenuItemCreate", "path": "/home/kavia/workspace/code-generation/gourmet-express-216707-216717/food_delivery_backend/src/schemas/schemas.py", "pattern": "/^class MenuItemCreate(_BaseSchema):$/", "language": "Python", "kind": "class"}, {"_type": "tag", "name": "MenuItemRead", "path": "/home/kavia/workspace/code-generation/gourmet-express-216707-216717/food_delivery_backend/src/schemas/schemas.py", "pattern": "/^class MenuItemRead(_BaseSchema):$/", "language": "Python", "kind": "class"}, {"_type": "tag", "name": "OrderCreate", "path": "/home/kavia/workspace/code-generation/gourmet-express-216707-216717/food_delivery_backend/src/schemas/schemas.py", "pattern": "/^class OrderCreate(_BaseSchema):$/", "language": "Python", "kind": "class"}, {"_type": "tag", "name": "OrderItemCreate", "path": "/home/kavia/workspace/code-generation/gourmet-express-216707-216717/food_delivery_backend/src/schemas/schemas.py", "pattern": "/^class OrderItemCreate(_BaseSchema):$/", "language": "Python", "kind": "class"}, {"_type": "tag", "name": "OrderItemRead", "path": "/home/kavia/workspace/code-generation/gourmet-express-216707-216717/food_delivery_backend/src/schemas/schemas.py", "pattern": "/^class OrderItemRead(_BaseSchema):$/", "language": "Python", "kind": "class"}, {"_type": "tag", "name": "OrderRead", "path": "/home/kavia/workspace/code-generation/gourmet-express-216707-216717/food_delivery_backend/src/schemas/schemas.py", "pattern": "/^class OrderRead(_BaseSchema):$/", "language": "Python", "kind": "class"}, {"_type": "tag", "name": "PaymentCreate", "path": "/home/kavia/workspace/code-generation/gourmet-express-216707-216717/food_delivery_backend/src/schemas/schemas.py", "pattern": "/^class PaymentCreate(_BaseSchema):$/", "language": "Python", "kind": "class"}, {"_type": "tag", "name": "PaymentRead", "path": "/home/kavia/workspace/code-generation/gourmet-express-216707-216717/food_delivery_backend/src/schemas/schemas.py", "pattern": "/^class PaymentRead(_BaseSchema):$/", "language": "Python", "kind": "class"}, {"_type": "tag", "name": "RestaurantCreate", "path": "/home/kavia/workspace/code-generation/gourmet-express-216707-216717/food_delivery_backend/src/schemas/schemas.py", "pattern": "/^class RestaurantCreate(_BaseSchema):$/", "language": "Python", "kind": "class"}, {"_type": "tag", "name": "RestaurantRead", "path": "/home/kavia/workspace/code-generation/gourmet-express-216707-216717/food_delivery_backend/src/schemas/schemas.py", "pattern": "/^class RestaurantRead(_BaseSchema):$/", "language": "Python", "kind": "class"}, {"_type": "tag", "name": "UserCreate", "path": "/home/kavia/workspace/code-generation/gourmet-express-216707-216717/food_delivery_backend/src/schemas/schemas.py", "pattern": "/^class UserCreate(_BaseSchema):$/", "language": "Python", "kind": "class"}, {"_type": "tag", "name": "UserRead", "path": "/home/kavia/workspace/code-generation/gourmet-express-216707-216717/food_delivery_backend/src/schemas/schemas.py", "pattern": "/^class UserRead(_BaseSchema):$/", "language": "Python", "kind": "class"}, {"_type": "tag", "name": "_BaseSchema", "path": "/home/kavia/workspace/code-generation/gourmet-express-216707-216717/food_delivery_backend/src/schemas/schemas.py", "pattern": "/^class _BaseSchema(BaseModel):$/", "language": "Python", "kind": "class"}, {"_type": "tag", "name": "address", "path": "/home/kavia/workspace/code-generation/gourmet-express-216707-216717/food_delivery_backend/src/schemas/schemas.py", "pattern": "/^    address: Optional[str] = Field(None, max_length=500)$/", "language": "Python", "typeref": "typename:Optional[str]", "kind": "variable", "scope": "RestaurantCreate", "scopeKind": "class"}, {"_type": "tag", "name": "delivery_address", "path": "/home/kavia/workspace/code-generation/gourmet-express-216707-216717/food_delivery_backend/src/schemas/schemas.py", "pattern": "/^    delivery_address: Optional[str] = Field(None, max_length=500)$/", "language": "Python", "typeref": "typename:Optional[str]", "kind": "variable", "scope": "OrderCreate", "scopeKind": "class"}, {"_type": "tag", "name": "delivery_person_id", "path": "/home/kavia/workspace/code-generation/gourmet-express-216707-216717/food_delivery_backend/src/schemas/schemas.py", "pattern": "/^    delivery_person_id: Optional[int] = None$/", "language": "Python", "typeref": "typename:Optional[int]", "kind": "variable", "scope": "DeliveryCreate", "scopeKind": "class"}, {"_type": "tag", "name": "description", "path": "/home/kavia/workspace/code-generation/gourmet-express-216707-216717/food_delivery_backend/src/schemas/schemas.py", "pattern": "/^    description: Optional[str] = None$/", "language": "Python", "typeref": "typename:Optional[str]", "kind": "variable", "scope": "MenuItemCreate", "scopeKind": "class"}, {"_type": "tag", "name": "description", "path": "/home/kavia/workspace/code-generation/gourmet-express-216707-216717/food_delivery_backend/src/schemas/schemas.py", "pattern": "/^    description: Optional[str] = None$/", "language": "Python", "typeref": "typename:Optional[str]", "kind": "variable", "scope": "RestaurantCreate", "scopeKind": "class"}, {"_type": "tag", "name": "email", "path": "/home/kavia/workspace/code-generation/gourmet-express-216707-216717/food_delivery_backend/src/schemas/schemas.py", "pattern": "/^    email: EmailStr = Field(..., description=\"User email (unique).\")$/", "language": "Python", "typeref": "typename:EmailStr", "kind": "variable", "scope": "UserCreate", "scopeKind": "class"}, {"_type": "tag", "name": "eta_minutes", "path": "/home/kavia/workspace/code-generation/gourmet-express-216707-216717/food_delivery_backend/src/schemas/schemas.py", "pattern": "/^    eta_minutes: Optional[int] = Field(None, ge=1)$/", "language": "Python", "typeref": "typename:Optional[int]", "kind": "variable", "scope": "DeliveryCreate", "scopeKind": "class"}, {"_type": "tag", "name": "image_url", "path": "/home/kavia/workspace/code-generation/gourmet-express-216707-216717/food_delivery_backend/src/schemas/schemas.py", "pattern": "/^    image_url: Optional[str] = Field(None, max_length=500)$/", "language": "Python", "typeref": "typename:Optional[str]", "kind": "variable", "scope": "MenuItemCreate", "scopeKind": "class"}, {"_type": "tag", "name": "is_available", "path": "/home/kavia/workspace/code-generation/gourmet-express-216707-216717/food_delivery_backend/src/schemas/schemas.py", "pattern": "/^    is_available: bool = True$/", "language": "Python", "typeref": "typename:bool", "kind": "variable", "scope": "MenuItemCreate", "scopeKind": "class"}, {"_type": "tag", "name": "items", "path": "/home/kavia/workspace/code-generation/gourmet-express-216707-216717/food_delivery_backend/src/schemas/schemas.py", "pattern": "/^    items: list[OrderItemCreate] = Field(..., min_length=1)$/", "language": "Python", "typeref": "typename:list[OrderItemCreate]", "kind": "variable", "scope": "OrderCreate", "scopeKind": "class"}, {"_type": "tag", "name": "items", "path": "/home/kavia/workspace/code-generation/gourmet-express-216707-216717/food_delivery_backend/src/schemas/schemas.py", "pattern": "/^    items: list[OrderItemRead] = []$/", "language": "Python", "typeref": "typename:list[OrderItemRead]", "kind": "variable", "scope": "OrderRead", "scopeKind": "class"}, {"_type": "tag", "name": "model_config", "path": "/home/kavia/workspace/code-generation/gourmet-express-216707-216717/food_delivery_backend/src/schemas/schemas.py", "pattern": "/^    model_config = {\"from_attributes\": True}$/", "language": "Python", "kind": "variable", "scope": "_BaseSchema", "scopeKind": "class"}, {"_type": "tag", "name": "name", "path": "/home/kavia/workspace/code-generation/gourmet-express-216707-216717/food_delivery_backend/src/schemas/schemas.py", "pattern": "/^    name: str = Field(..., min_length=1, max_length=255)$/", "language": "Python", "typeref": "typename:str", "kind": "variable", "scope": "MenuItemCreate", "scopeKind": "class"}, {"_type": "tag", "name": "name", "path": "/home/kavia/workspace/code-generation/gourmet-express-216707-216717/food_delivery_backend/src/schemas/schemas.py", "pattern": "/^    name: str = Field(..., min_length=1, max_length=255)$/", "language": "Python", "typeref": "typename:str", "kind": "variable", "scope": "RestaurantCreate", "scopeKind": "class"}, {"_type": "tag", "name": "name", "path": "/home/kavia/workspace/code-generation/gourmet-express-216707-216717/food_delivery_backend/src/schemas/schemas.py", "pattern": "/^    name: str = Field(..., min_length=1, max_length=255, description=\"Display name.\")$/", "language": "Python", "typeref": "typename:str", "kind": "variable", "scope": "UserCreate", "scopeKind": "class"}, {"_type": "tag", "name": "note", "path": "/home/kavia/workspace/code-generation/gourmet-express-216707-216717/food_delivery_backend/src/schemas/schemas.py", "pattern": "/^    note: Optional[str] = None$/", "language": "Python", "typeref": "typename:Optional[str]", "kind": "variable", "scope": "DeliveryStatusHistoryCreate", "scopeKind": "class"}, {"_type": "tag", "name": "password", "path": "/home/kavia/workspace/code-generation/gourmet-express-216707-216717/food_delivery_backend/src/schemas/schemas.py", "pattern": "/^    password: Optional[str] = Field(None, description=\"Plain password (will be hashed by future /", "language": "Python", "typeref": "typename:Optional[str]", "kind": "variable", "scope": "UserCreate", "scopeKind": "class"}, {"_type": "tag", "name": "price", "path": "/home/kavia/workspace/code-generation/gourmet-express-216707-216717/food_delivery_backend/src/schemas/schemas.py", "pattern": "/^    price: Decimal = Field(..., description=\"Item price.\")$/", "language": "Python", "typeref": "typename:Decimal", "kind": "variable", "scope": "MenuItemCreate", "scopeKind": "class"}, {"_type": "tag", "name": "provider", "path": "/home/kavia/workspace/code-generation/gourmet-express-216707-216717/food_delivery_backend/src/schemas/schemas.py", "pattern": "/^    provider: str = Field(\"mock\", max_length=100)$/", "language": "Python", "typeref": "typename:str", "kind": "variable", "scope": "PaymentCreate", "scopeKind": "class"}, {"_type": "tag", "name": "provider_payment_id", "path": "/home/kavia/workspace/code-generation/gourmet-express-216707-216717/food_delivery_backend/src/schemas/schemas.py", "pattern": "/^    provider_payment_id: Optional[str] = Field(None, max_length=255)$/", "language": "Python", "typeref": "typename:Optional[str]", "kind": "variable", "scope": "PaymentCreate", "scopeKind": "class"}, {"_type": "tag", "name": "quantity", "path": "/home/kavia/workspace/code-generation/gourmet-express-216707-216717/food_delivery_backend/src/schemas/schemas.py", "pattern": "/^    quantity: int = Field(1, ge=1)$/", "language": "Python", "typeref": "typename:int", "kind": "variable", "scope": "OrderItemCreate", "scopeKind": "class"}, {"_type": "tag", "name": "raw_payload", "path": "/home/kavia/workspace/code-generation/gourmet-express-216707-216717/food_delivery_backend/src/schemas/schemas.py", "pattern": "/^    raw_payload: Optional[str] = None$/", "language": "Python", "typeref": "typename:Optional[str]", "kind": "variable", "scope": "PaymentCreate", "scopeKind": "class"}, {"_type": "tag", "name": "role", "path": "/home/kavia/workspace/code-generation/gourmet-express-216707-216717/food_delivery_backend/src/schemas/schemas.py", "pattern": "/^    role: str = Field(\"customer\", description=\"Role: customer\\/admin\\/delivery.\")$/", "language": "Python", "typeref": "typename:str", "kind": "variable", "scope": "UserCreate", "scopeKind": "class"}, {"_type": "tag", "name": "status", "path": "/home/kavia/workspace/code-generation/gourmet-express-216707-216717/food_delivery_backend/src/schemas/schemas.py", "pattern": "/^    status: str = Field(..., max_length=50)$/", "language": "Python", "typeref": "typename:str", "kind": "variable", "scope": "DeliveryStatusHistoryCreate", "scopeKind": "class"}], "hash": "c4649c67b587cbbaa6eba89c264d04e0", "format-version": 4, "code-base-name": "food_delivery_backend", "filename": "food_delivery_backend/src/schemas/schemas.py", "search-terms": [], "fields": [{"name": "Optional[str] address", "scope": "RestaurantCreate", "scopeKind": "class", "description": "unavailable"}, {"name": "Optional[str] delivery_address", "scope": "OrderCreate", "scopeKind": "class", "description": "unavailable"}, {"name": "Optional[int] delivery_person_id", "scope": "DeliveryCreate", "scopeKind": "class", "description": "unavailable"}, {"name": "Optional[str] description", "scope": "MenuItemCreate", "scopeKind": "class", "description": "unavailable"}, {"name": "EmailStr email", "scope": "UserCreate", "scopeKind": "class", "description": "unavailable"}, {"name": "Optional[int] eta_minutes", "scope": "DeliveryCreate", "scopeKind": "class", "description": "unavailable"}, {"name": "Optional[str] image_url", "scope": "MenuItemCreate", "scopeKind": "class", "description": "unavailable"}, {"name": "bool is_available", "scope": "MenuItemCreate", "scopeKind": "class", "description": "unavailable"}, {"name": "list[OrderItemCreate] items", "scope": "OrderCreate", "scopeKind": "class", "description": "unavailable"}, {"name": "list[OrderItemRead] items", "scope": "OrderRead", "scopeKind": "class", "description": "unavailable"}, {"name": "model_config = {\"from_attributes\": True}", "scope": "_BaseSchema", "scopeKind": "class", "description": "unavailable"}, {"name": "str name", "scope": "MenuItemCreate", "scopeKind": "class", "description": "unavailable"}, {"name": "Optional[str] note", "scope": "DeliveryStatusHistoryCreate", "scopeKind": "class", "description": "unavailable"}, {"name": "Optional[str] password", "scope": "UserCreate", "scopeKind": "class", "description": "unavailable"}, {"name": "Decimal price", "scope": "MenuItemCreate", "scopeKind": "class", "description": "unavailable"}, {"name": "str provider", "scope": "PaymentCreate", "scopeKind": "class", "description": "unavailable"}, {"name": "Optional[str] provider_payment_id", "scope": "PaymentCreate", "scopeKind": "class", "description": "unavailable"}, {"name": "int quantity", "scope": "OrderItemCreate", "scopeKind": "class", "description": "unavailable"}, {"name": "Optional[str] raw_payload", "scope": "PaymentCreate", "scopeKind": "class", "description": "unavailable"}, {"name": "str role", "scope": "UserCreate", "scopeKind": "class", "description": "unavailable"}, {"name": "str status", "scope": "DeliveryStatusHistoryCreate", "scopeKind": "class", "description": "unavailable"}], "revision_history": [{"27": "522fd31268126df6cf88d0e597b3b54223ad0948"}]}