{"is_source_file": true, "format": "Python", "description": "This file contains SQLAlchemy ORM models, as indicated by the docstring.", "external_files": [], "external_methods": [], "published": [], "classes": [], "methods": [], "calls": [], "search-terms": ["SQLAlchemy", "ORM models", "__init__.py", "food_delivery_backend", "models"], "state": 2, "file_id": 12, "knowledge_revision": 29, "git_revision": "522fd31268126df6cf88d0e597b3b54223ad0948", "ctags": [], "hash": "86ed06a51c8465eae69aa843687b3476", "format-version": 4, "code-base-name": "food_delivery_backend", "filename": "food_delivery_backend/src/models/__init__.py", "revision_history": [{"29": "522fd31268126df6cf88d0e597b3b54223ad0948"}]}