{"is_source_file": true, "format": "Python", "description": "This Python source file provides configuration utility functions for environment variable retrieval, including CORS origins, payment webhook secret, and site URL, used in a backend API setup.", "external_files": ["os"], "external_methods": ["os.getenv"], "published": ["get_cors_allow_origins", "get_payment_webhook_secret", "get_site_url"], "classes": [], "methods": [{"name": "list[str] _split_csv(value: str)", "description": "Internal helper function to split a comma-separated string into a list of stripped strings.", "scope": "", "scopeKind": ""}, {"name": "List[str] get_cors_allow_origins()", "description": "Retrieves allowed CORS origins from environment variables, defaults to '*' if not set.", "scope": "", "scopeKind": ""}, {"name": "str get_payment_webhook_secret()", "description": "Returns the webhook secret used for payment validation, with a default for local development.", "scope": "", "scopeKind": ""}, {"name": "Optional[str] get_site_url()", "description": "Returns the site URL for redirect/callback purposes, if set.", "scope": "", "scopeKind": ""}], "calls": ["os.getenv"], "search-terms": ["CORS_ALLOW_ORIGINS", "PAYMENT_WEBHOOK_SECRET", "SITE_URL", "config", "environment variables"], "state": 2, "file_id": 17, "knowledge_revision": 41, "git_revision": "b927feaecf1ff4cdb4b968f03130bf77cf2a85a7", "ctags": [{"_type": "tag", "name": "_split_csv", "path": "/home/kavia/workspace/code-generation/gourmet-express-216707-216717/food_delivery_backend/src/api/config.py", "pattern": "/^def _split_csv(value: str) -> list[str]:$/", "language": "Python", "typeref": "typename:list[str]", "kind": "function", "signature": "(value: str)"}, {"_type": "tag", "name": "get_cors_allow_origins", "path": "/home/kavia/workspace/code-generation/gourmet-express-216707-216717/food_delivery_backend/src/api/config.py", "pattern": "/^def get_cors_allow_origins() -> List[str]:$/", "language": "Python", "typeref": "typename:List[str]", "kind": "function", "signature": "()"}, {"_type": "tag", "name": "get_payment_webhook_secret", "path": "/home/kavia/workspace/code-generation/gourmet-express-216707-216717/food_delivery_backend/src/api/config.py", "pattern": "/^def get_payment_webhook_secret() -> str:$/", "language": "Python", "typeref": "typename:str", "kind": "function", "signature": "()"}, {"_type": "tag", "name": "get_site_url", "path": "/home/kavia/workspace/code-generation/gourmet-express-216707-216717/food_delivery_backend/src/api/config.py", "pattern": "/^def get_site_url() -> Optional[str]:$/", "language": "Python", "typeref": "typename:Optional[str]", "kind": "function", "signature": "()"}], "hash": "8d19fd6d658a76dcbbd039d4ccf63f18", "format-version": 4, "code-base-name": "food_delivery_backend", "filename": "food_delivery_backend/src/api/config.py", "revision_history": [{"41": "b927feaecf1ff4cdb4b968f03130bf77cf2a85a7"}]}