{"is_source_file": true, "format": "Python", "description": "This is the main entry point for a FastAPI backend application for a food delivery service. It sets up the API, includes routers for deliveries and payments, configures CORS, performs a startup health check for database connectivity, and provides a root health check endpoint.", "external_files": ["src.api.config", "src.api.deliveries", "src.api.payments", "src.db.session"], "external_methods": ["get_cors_allow_origins"], "published": ["app"], "classes": [], "methods": [{"name": "None _startup_db_smoke_test()", "description": "Performs a lightweight database connectivity check on startup.", "scope": "", "scopeKind": ""}, {"name": "health_check()", "description": "Provides a simple health status response.", "scope": "", "scopeKind": ""}], "calls": ["fastapi.FastAPI", "fastapi.middleware.cors.CORSMiddleware", "sqlalchemy.text", "src.api.config.get_cors_allow_origins", "src.api.deliveries.router", "src.api.payments.router", "src.db.session.engine.connect", "sqlalchemy.text", "conn.execute", "app.include_router", "app.on_event"], "search-terms": ["FastAPI backend", "CORS middleware", "health check endpoint", "database startup check", "deliveries router", "payments router"], "state": 2, "file_id": 3, "knowledge_revision": 40, "git_revision": "b927feaecf1ff4cdb4b968f03130bf77cf2a85a7", "revision_history": [{"9": "0e7b35df99ef9191407584292982b184fbfce528"}, {"23": "522fd31268126df6cf88d0e597b3b54223ad0948"}, {"40": "b927feaecf1ff4cdb4b968f03130bf77cf2a85a7"}], "ctags": [{"_type": "tag", "name": "_startup_db_smoke_test", "path": "/home/kavia/workspace/code-generation/gourmet-express-216707-216717/food_delivery_backend/src/api/main.py", "pattern": "/^def _startup_db_smoke_test() -> None:$/", "language": "Python", "typeref": "typename:None", "kind": "function", "signature": "()"}, {"_type": "tag", "name": "allow_origins", "path": "/home/kavia/workspace/code-generation/gourmet-express-216707-216717/food_delivery_backend/src/api/main.py", "pattern": "/^allow_origins = get_cors_allow_origins()$/", "language": "Python", "kind": "variable"}, {"_type": "tag", "name": "app", "path": "/home/kavia/workspace/code-generation/gourmet-express-216707-216717/food_delivery_backend/src/api/main.py", "pattern": "/^app = FastAPI($/", "language": "Python", "kind": "variable"}, {"_type": "tag", "name": "deliveries_router", "path": "/home/kavia/workspace/code-generation/gourmet-express-216707-216717/food_delivery_backend/src/api/main.py", "pattern": "/^from src.api.deliveries import router as deliveries_router$/", "language": "Python", "kind": "unknown", "nameref": "unknown:router"}, {"_type": "tag", "name": "health_check", "path": "/home/kavia/workspace/code-generation/gourmet-express-216707-216717/food_delivery_backend/src/api/main.py", "pattern": "/^def health_check():$/", "language": "Python", "kind": "function", "signature": "()"}, {"_type": "tag", "name": "openapi_tags", "path": "/home/kavia/workspace/code-generation/gourmet-express-216707-216717/food_delivery_backend/src/api/main.py", "pattern": "/^openapi_tags = [$/", "language": "Python", "kind": "variable"}, {"_type": "tag", "name": "payments_router", "path": "/home/kavia/workspace/code-generation/gourmet-express-216707-216717/food_delivery_backend/src/api/main.py", "pattern": "/^from src.api.payments import router as payments_router$/", "language": "Python", "kind": "unknown", "nameref": "unknown:router"}], "hash": "975b190edc98a432e49e866f919b932c", "format-version": 4, "code-base-name": "food_delivery_backend", "filename": "food_delivery_backend/src/api/main.py", "fields": [{"name": "allow_origins = get_cors_allow_origins()", "scope": "", "scopeKind": "", "description": "unavailable"}, {"name": "app = FastAPI(", "scope": "", "scopeKind": "", "description": "unavailable"}, {"name": "openapi_tags = [", "scope": "", "scopeKind": "", "description": "unavailable"}]}