{"is_source_file": false, "format": "", "description": "", "external_files": [], "external_methods": [], "published": [], "classes": [], "methods": [], "calls": [], "search-terms": [], "state": 2, "file_id": 11, "knowledge_revision": 28, "git_revision": "522fd31268126df6cf88d0e597b3b54223ad0948", "ctags": [], "hash": "be51ceba0b763f2d6e6d31c62c4350d1", "format-version": 4, "code-base-name": "food_delivery_backend", "filename": "food_delivery_backend/src/schemas/__init__.py", "revision_history": [{"28": "522fd31268126df6cf88d0e597b3b54223ad0948"}]}