{"is_source_file": false, "format": null, "description": null, "external_files": [], "external_methods": [], "published": [], "classes": [], "methods": [], "calls": [], "search-terms": ["openapi", "Gourmet Express Backend", "health check", "FastAPI", "food delivery"], "state": 2, "file_id": 16, "knowledge_revision": 34, "git_revision": "51bce5963b46641b99add9f4ebc6ed8371606c73", "hash": "48079d0fb03ea8940da163b924c773ab", "format-version": 4, "code-base-name": "food_delivery_backend", "filename": "food_delivery_backend/interfaces/openapi_running.json", "revision_history": [{"34": "51bce5963b46641b99add9f4ebc6ed8371606c73"}]}