{"is_source_file": false, "format": "", "description": "", "external_files": [], "external_methods": [], "published": [], "classes": [], "methods": [], "calls": [], "search-terms": [], "state": 2, "file_id": 13, "knowledge_revision": 30, "git_revision": "522fd31268126df6cf88d0e597b3b54223ad0948", "ctags": [], "hash": "428922664053dab4701dad7685d04475", "format-version": 4, "code-base-name": "food_delivery_backend", "filename": "food_delivery_backend/src/db/__init__.py", "revision_history": [{"30": "522fd31268126df6cf88d0e597b3b54223ad0948"}]}