{"is_source_file": true, "format": "Python", "description": "This file provides CRUD helper functions for database access.", "external_files": [], "external_methods": [], "published": [], "classes": [], "methods": [], "calls": [], "search-terms": ["CRUD", "database access", "helpers"], "state": 2, "file_id": 15, "knowledge_revision": 32, "git_revision": "522fd31268126df6cf88d0e597b3b54223ad0948", "ctags": [], "hash": "3168053c15162ca8df10853804d5ba54", "format-version": 4, "code-base-name": "food_delivery_backend", "filename": "food_delivery_backend/src/crud/__init__.py", "revision_history": [{"32": "522fd31268126df6cf88d0e597b3b54223ad0948"}]}