{"is_source_file": true, "format": "Python", "description": "This file defines SQLAlchemy ORM models representing database tables for a food delivery backend system, including entities such as User, Restaurant, MenuItem, Order, OrderItem, Payment, Delivery, and DeliveryStatusHistory, along with their relationships and attributes.", "external_files": ["src/db/base"], "external_methods": ["func.now()"], "published": ["User", "Restaurant", "MenuItem", "Order", "OrderItem", "Payment", "Delivery", "DeliveryStatusHistory"], "classes": [{"name": "User", "description": "Represents a user in the system, including customers, admins, and delivery personnel."}, {"name": "Restaurant", "description": "Represents a restaurant with associated menu items and orders."}, {"name": "MenuItem", "description": "Represents an individual menu item linked to a restaurant."}, {"name": "Order", "description": "Represents a customer's order, including status, total amount, and related entities."}, {"name": "OrderItem", "description": "Represents a specific menu item within an order, with quantity and pricing details."}, {"name": "Payment", "description": "Represents payment information for an order, including provider, status, and amount."}, {"name": "Delivery", "description": "Represents a delivery record associated with an order, including delivery person and status."}, {"name": "DeliveryStatusHistory", "description": "Tracks status changes over time for a delivery."}], "methods": [], "calls": ["func.now()"], "search-terms": ["ORM models", "food delivery", "SQLAlchemy", "models.py", "delivery backend", "Order entities", "relationship mappings", "delivery status history"], "state": 2, "file_id": 9, "knowledge_revision": 26, "git_revision": "522fd31268126df6cf88d0e597b3b54223ad0948", "ctags": [{"_type": "tag", "name": "Delivery", "path": "/home/kavia/workspace/code-generation/gourmet-express-216707-216717/food_delivery_backend/src/models/models.py", "pattern": "/^class Delivery(Base):$/", "language": "Python", "kind": "class"}, {"_type": "tag", "name": "DeliveryStatusHistory", "path": "/home/kavia/workspace/code-generation/gourmet-express-216707-216717/food_delivery_backend/src/models/models.py", "pattern": "/^class DeliveryStatusHistory(Base):$/", "language": "Python", "kind": "class"}, {"_type": "tag", "name": "MenuItem", "path": "/home/kavia/workspace/code-generation/gourmet-express-216707-216717/food_delivery_backend/src/models/models.py", "pattern": "/^class MenuItem(Base):$/", "language": "Python", "kind": "class"}, {"_type": "tag", "name": "Order", "path": "/home/kavia/workspace/code-generation/gourmet-express-216707-216717/food_delivery_backend/src/models/models.py", "pattern": "/^class Order(Base):$/", "language": "Python", "kind": "class"}, {"_type": "tag", "name": "OrderItem", "path": "/home/kavia/workspace/code-generation/gourmet-express-216707-216717/food_delivery_backend/src/models/models.py", "pattern": "/^class OrderItem(Base):$/", "language": "Python", "kind": "class"}, {"_type": "tag", "name": "Payment", "path": "/home/kavia/workspace/code-generation/gourmet-express-216707-216717/food_delivery_backend/src/models/models.py", "pattern": "/^class Payment(Base):$/", "language": "Python", "kind": "class"}, {"_type": "tag", "name": "Restaurant", "path": "/home/kavia/workspace/code-generation/gourmet-express-216707-216717/food_delivery_backend/src/models/models.py", "pattern": "/^class Restaurant(Base):$/", "language": "Python", "kind": "class"}, {"_type": "tag", "name": "User", "path": "/home/kavia/workspace/code-generation/gourmet-express-216707-216717/food_delivery_backend/src/models/models.py", "pattern": "/^class User(Base):$/", "language": "Python", "kind": "class"}, {"_type": "tag", "name": "__tablename__", "path": "/home/kavia/workspace/code-generation/gourmet-express-216707-216717/food_delivery_backend/src/models/models.py", "pattern": "/^    __tablename__ = \"deliveries\"$/", "file": true, "language": "Python", "kind": "variable", "scope": "Delivery", "scopeKind": "class"}, {"_type": "tag", "name": "__tablename__", "path": "/home/kavia/workspace/code-generation/gourmet-express-216707-216717/food_delivery_backend/src/models/models.py", "pattern": "/^    __tablename__ = \"delivery_status_history\"$/", "file": true, "language": "Python", "kind": "variable", "scope": "DeliveryStatusHistory", "scopeKind": "class"}, {"_type": "tag", "name": "__tablename__", "path": "/home/kavia/workspace/code-generation/gourmet-express-216707-216717/food_delivery_backend/src/models/models.py", "pattern": "/^    __tablename__ = \"menu_items\"$/", "file": true, "language": "Python", "kind": "variable", "scope": "MenuItem", "scopeKind": "class"}, {"_type": "tag", "name": "__tablename__", "path": "/home/kavia/workspace/code-generation/gourmet-express-216707-216717/food_delivery_backend/src/models/models.py", "pattern": "/^    __tablename__ = \"order_items\"$/", "file": true, "language": "Python", "kind": "variable", "scope": "OrderItem", "scopeKind": "class"}, {"_type": "tag", "name": "__tablename__", "path": "/home/kavia/workspace/code-generation/gourmet-express-216707-216717/food_delivery_backend/src/models/models.py", "pattern": "/^    __tablename__ = \"orders\"$/", "file": true, "language": "Python", "kind": "variable", "scope": "Order", "scopeKind": "class"}, {"_type": "tag", "name": "__tablename__", "path": "/home/kavia/workspace/code-generation/gourmet-express-216707-216717/food_delivery_backend/src/models/models.py", "pattern": "/^    __tablename__ = \"payments\"$/", "file": true, "language": "Python", "kind": "variable", "scope": "Payment", "scopeKind": "class"}, {"_type": "tag", "name": "__tablename__", "path": "/home/kavia/workspace/code-generation/gourmet-express-216707-216717/food_delivery_backend/src/models/models.py", "pattern": "/^    __tablename__ = \"restaurants\"$/", "file": true, "language": "Python", "kind": "variable", "scope": "Restaurant", "scopeKind": "class"}, {"_type": "tag", "name": "__tablename__", "path": "/home/kavia/workspace/code-generation/gourmet-express-216707-216717/food_delivery_backend/src/models/models.py", "pattern": "/^    __tablename__ = \"users\"$/", "file": true, "language": "Python", "kind": "variable", "scope": "User", "scopeKind": "class"}, {"_type": "tag", "name": "address", "path": "/home/kavia/workspace/code-generation/gourmet-express-216707-216717/food_delivery_backend/src/models/models.py", "pattern": "/^    address: Mapped[Optional[str]] = mapped_column(String(500), nullable=True)$/", "language": "Python", "typeref": "typename:Mapped[Optional[str]]", "kind": "variable", "scope": "Restaurant", "scopeKind": "class"}, {"_type": "tag", "name": "amount", "path": "/home/kavia/workspace/code-generation/gourmet-express-216707-216717/food_delivery_backend/src/models/models.py", "pattern": "/^    amount: Mapped[Decimal] = mapped_column(Numeric(10, 2), nullable=False)$/", "language": "Python", "typeref": "typename:Mapped[Decimal]", "kind": "variable", "scope": "Payment", "scopeKind": "class"}, {"_type": "tag", "name": "created_at", "path": "/home/kavia/workspace/code-generation/gourmet-express-216707-216717/food_delivery_backend/src/models/models.py", "pattern": "/^    created_at: Mapped[datetime] = mapped_column(DateTime(timezone=True), server_default=func.no/", "language": "Python", "typeref": "typename:Mapped[datetime]", "kind": "variable", "scope": "Delivery", "scopeKind": "class"}, {"_type": "tag", "name": "created_at", "path": "/home/kavia/workspace/code-generation/gourmet-express-216707-216717/food_delivery_backend/src/models/models.py", "pattern": "/^    created_at: Mapped[datetime] = mapped_column(DateTime(timezone=True), server_default=func.no/", "language": "Python", "typeref": "typename:Mapped[datetime]", "kind": "variable", "scope": "DeliveryStatusHistory", "scopeKind": "class"}, {"_type": "tag", "name": "created_at", "path": "/home/kavia/workspace/code-generation/gourmet-express-216707-216717/food_delivery_backend/src/models/models.py", "pattern": "/^    created_at: Mapped[datetime] = mapped_column(DateTime(timezone=True), server_default=func.no/", "language": "Python", "typeref": "typename:Mapped[datetime]", "kind": "variable", "scope": "MenuItem", "scopeKind": "class"}, {"_type": "tag", "name": "created_at", "path": "/home/kavia/workspace/code-generation/gourmet-express-216707-216717/food_delivery_backend/src/models/models.py", "pattern": "/^    created_at: Mapped[datetime] = mapped_column(DateTime(timezone=True), server_default=func.no/", "language": "Python", "typeref": "typename:Mapped[datetime]", "kind": "variable", "scope": "Order", "scopeKind": "class"}, {"_type": "tag", "name": "created_at", "path": "/home/kavia/workspace/code-generation/gourmet-express-216707-216717/food_delivery_backend/src/models/models.py", "pattern": "/^    created_at: Mapped[datetime] = mapped_column(DateTime(timezone=True), server_default=func.no/", "language": "Python", "typeref": "typename:Mapped[datetime]", "kind": "variable", "scope": "Payment", "scopeKind": "class"}, {"_type": "tag", "name": "created_at", "path": "/home/kavia/workspace/code-generation/gourmet-express-216707-216717/food_delivery_backend/src/models/models.py", "pattern": "/^    created_at: Mapped[datetime] = mapped_column(DateTime(timezone=True), server_default=func.no/", "language": "Python", "typeref": "typename:Mapped[datetime]", "kind": "variable", "scope": "Restaurant", "scopeKind": "class"}, {"_type": "tag", "name": "created_at", "path": "/home/kavia/workspace/code-generation/gourmet-express-216707-216717/food_delivery_backend/src/models/models.py", "pattern": "/^    created_at: Mapped[datetime] = mapped_column(DateTime(timezone=True), server_default=func.no/", "language": "Python", "typeref": "typename:Mapped[datetime]", "kind": "variable", "scope": "User", "scopeKind": "class"}, {"_type": "tag", "name": "deliveries", "path": "/home/kavia/workspace/code-generation/gourmet-express-216707-216717/food_delivery_backend/src/models/models.py", "pattern": "/^    deliveries: Mapped[list[\"Delivery\"]] = relationship(\"Delivery\", back_populates=\"delivery_per/", "language": "Python", "typeref": "typename:Mapped[list[\"Delivery\"]]", "kind": "variable", "scope": "User", "scopeKind": "class"}, {"_type": "tag", "name": "delivery", "path": "/home/kavia/workspace/code-generation/gourmet-express-216707-216717/food_delivery_backend/src/models/models.py", "pattern": "/^    delivery: Mapped[Optional[\"Delivery\"]] = relationship(\"Delivery\", back_populates=\"order\", us/", "language": "Python", "typeref": "typename:Mapped[Optional[\"Delivery\"]]", "kind": "variable", "scope": "Order", "scopeKind": "class"}, {"_type": "tag", "name": "delivery", "path": "/home/kavia/workspace/code-generation/gourmet-express-216707-216717/food_delivery_backend/src/models/models.py", "pattern": "/^    delivery: Mapped[\"Delivery\"] = relationship(\"Delivery\", back_populates=\"status_history\")$/", "language": "Python", "typeref": "typename:Mapped[\"Delivery\"]", "kind": "variable", "scope": "DeliveryStatusHistory", "scopeKind": "class"}, {"_type": "tag", "name": "delivery_address", "path": "/home/kavia/workspace/code-generation/gourmet-express-216707-216717/food_delivery_backend/src/models/models.py", "pattern": "/^    delivery_address: Mapped[Optional[str]] = mapped_column(String(500), nullable=True)$/", "language": "Python", "typeref": "typename:Mapped[Optional[str]]", "kind": "variable", "scope": "Order", "scopeKind": "class"}, {"_type": "tag", "name": "delivery_id", "path": "/home/kavia/workspace/code-generation/gourmet-express-216707-216717/food_delivery_backend/src/models/models.py", "pattern": "/^    delivery_id: Mapped[int] = mapped_column(ForeignKey(\"deliveries.id\", ondelete=\"CASCADE\"), nu/", "language": "Python", "typeref": "typename:Mapped[int]", "kind": "variable", "scope": "DeliveryStatusHistory", "scopeKind": "class"}, {"_type": "tag", "name": "delivery_person", "path": "/home/kavia/workspace/code-generation/gourmet-express-216707-216717/food_delivery_backend/src/models/models.py", "pattern": "/^    delivery_person: Mapped[Optional[\"User\"]] = relationship(\"User\", back_populates=\"deliveries\"/", "language": "Python", "typeref": "typename:Mapped[Optional[\"User\"]]", "kind": "variable", "scope": "Delivery", "scopeKind": "class"}, {"_type": "tag", "name": "delivery_person_id", "path": "/home/kavia/workspace/code-generation/gourmet-express-216707-216717/food_delivery_backend/src/models/models.py", "pattern": "/^    delivery_person_id: Mapped[Optional[int]] = mapped_column(ForeignKey(\"users.id\", ondelete=\"S/", "language": "Python", "typeref": "typename:Mapped[Optional[int]]", "kind": "variable", "scope": "Delivery", "scopeKind": "class"}, {"_type": "tag", "name": "description", "path": "/home/kavia/workspace/code-generation/gourmet-express-216707-216717/food_delivery_backend/src/models/models.py", "pattern": "/^    description: Mapped[Optional[str]] = mapped_column(Text, nullable=True)$/", "language": "Python", "typeref": "typename:Mapped[Optional[str]]", "kind": "variable", "scope": "MenuItem", "scopeKind": "class"}, {"_type": "tag", "name": "description", "path": "/home/kavia/workspace/code-generation/gourmet-express-216707-216717/food_delivery_backend/src/models/models.py", "pattern": "/^    description: Mapped[Optional[str]] = mapped_column(Text, nullable=True)$/", "language": "Python", "typeref": "typename:Mapped[Optional[str]]", "kind": "variable", "scope": "Restaurant", "scopeKind": "class"}, {"_type": "tag", "name": "email", "path": "/home/kavia/workspace/code-generation/gourmet-express-216707-216717/food_delivery_backend/src/models/models.py", "pattern": "/^    email: Mapped[str] = mapped_column(String(255), unique=True, index=True, nullable=False)$/", "language": "Python", "typeref": "typename:Mapped[str]", "kind": "variable", "scope": "User", "scopeKind": "class"}, {"_type": "tag", "name": "eta_minutes", "path": "/home/kavia/workspace/code-generation/gourmet-express-216707-216717/food_delivery_backend/src/models/models.py", "pattern": "/^    eta_minutes: Mapped[Optional[int]] = mapped_column(Integer, nullable=True)$/", "language": "Python", "typeref": "typename:Mapped[Optional[int]]", "kind": "variable", "scope": "Delivery", "scopeKind": "class"}, {"_type": "tag", "name": "hashed_password", "path": "/home/kavia/workspace/code-generation/gourmet-express-216707-216717/food_delivery_backend/src/models/models.py", "pattern": "/^    hashed_password: Mapped[Optional[str]] = mapped_column(String(255), nullable=True)$/", "language": "Python", "typeref": "typename:Mapped[Optional[str]]", "kind": "variable", "scope": "User", "scopeKind": "class"}, {"_type": "tag", "name": "id", "path": "/home/kavia/workspace/code-generation/gourmet-express-216707-216717/food_delivery_backend/src/models/models.py", "pattern": "/^    id: Mapped[int] = mapped_column(Integer, primary_key=True)$/", "language": "Python", "typeref": "typename:Mapped[int]", "kind": "variable", "scope": "Delivery", "scopeKind": "class"}, {"_type": "tag", "name": "id", "path": "/home/kavia/workspace/code-generation/gourmet-express-216707-216717/food_delivery_backend/src/models/models.py", "pattern": "/^    id: Mapped[int] = mapped_column(Integer, primary_key=True)$/", "language": "Python", "typeref": "typename:Mapped[int]", "kind": "variable", "scope": "DeliveryStatusHistory", "scopeKind": "class"}, {"_type": "tag", "name": "id", "path": "/home/kavia/workspace/code-generation/gourmet-express-216707-216717/food_delivery_backend/src/models/models.py", "pattern": "/^    id: Mapped[int] = mapped_column(Integer, primary_key=True)$/", "language": "Python", "typeref": "typename:Mapped[int]", "kind": "variable", "scope": "MenuItem", "scopeKind": "class"}, {"_type": "tag", "name": "id", "path": "/home/kavia/workspace/code-generation/gourmet-express-216707-216717/food_delivery_backend/src/models/models.py", "pattern": "/^    id: Mapped[int] = mapped_column(Integer, primary_key=True)$/", "language": "Python", "typeref": "typename:Mapped[int]", "kind": "variable", "scope": "Order", "scopeKind": "class"}, {"_type": "tag", "name": "id", "path": "/home/kavia/workspace/code-generation/gourmet-express-216707-216717/food_delivery_backend/src/models/models.py", "pattern": "/^    id: Mapped[int] = mapped_column(Integer, primary_key=True)$/", "language": "Python", "typeref": "typename:Mapped[int]", "kind": "variable", "scope": "OrderItem", "scopeKind": "class"}, {"_type": "tag", "name": "id", "path": "/home/kavia/workspace/code-generation/gourmet-express-216707-216717/food_delivery_backend/src/models/models.py", "pattern": "/^    id: Mapped[int] = mapped_column(Integer, primary_key=True)$/", "language": "Python", "typeref": "typename:Mapped[int]", "kind": "variable", "scope": "Payment", "scopeKind": "class"}, {"_type": "tag", "name": "id", "path": "/home/kavia/workspace/code-generation/gourmet-express-216707-216717/food_delivery_backend/src/models/models.py", "pattern": "/^    id: Mapped[int] = mapped_column(Integer, primary_key=True)$/", "language": "Python", "typeref": "typename:Mapped[int]", "kind": "variable", "scope": "Restaurant", "scopeKind": "class"}, {"_type": "tag", "name": "id", "path": "/home/kavia/workspace/code-generation/gourmet-express-216707-216717/food_delivery_backend/src/models/models.py", "pattern": "/^    id: Mapped[int] = mapped_column(Integer, primary_key=True)$/", "language": "Python", "typeref": "typename:Mapped[int]", "kind": "variable", "scope": "User", "scopeKind": "class"}, {"_type": "tag", "name": "image_url", "path": "/home/kavia/workspace/code-generation/gourmet-express-216707-216717/food_delivery_backend/src/models/models.py", "pattern": "/^    image_url: Mapped[Optional[str]] = mapped_column(String(500), nullable=True)$/", "language": "Python", "typeref": "typename:Mapped[Optional[str]]", "kind": "variable", "scope": "MenuItem", "scopeKind": "class"}, {"_type": "tag", "name": "is_available", "path": "/home/kavia/workspace/code-generation/gourmet-express-216707-216717/food_delivery_backend/src/models/models.py", "pattern": "/^    is_available: Mapped[bool] = mapped_column(nullable=False, default=True)$/", "language": "Python", "typeref": "typename:Mapped[bool]", "kind": "variable", "scope": "MenuItem", "scopeKind": "class"}, {"_type": "tag", "name": "items", "path": "/home/kavia/workspace/code-generation/gourmet-express-216707-216717/food_delivery_backend/src/models/models.py", "pattern": "/^    items: Mapped[list[\"OrderItem\"]] = relationship(\"OrderItem\", back_populates=\"order\", cascade/", "language": "Python", "typeref": "typename:Mapped[list[\"OrderItem\"]]", "kind": "variable", "scope": "Order", "scopeKind": "class"}, {"_type": "tag", "name": "line_total", "path": "/home/kavia/workspace/code-generation/gourmet-express-216707-216717/food_delivery_backend/src/models/models.py", "pattern": "/^    line_total: Mapped[Decimal] = mapped_column(Numeric(10, 2), nullable=False, default=0)$/", "language": "Python", "typeref": "typename:Mapped[Decimal]", "kind": "variable", "scope": "OrderItem", "scopeKind": "class"}, {"_type": "tag", "name": "menu_item", "path": "/home/kavia/workspace/code-generation/gourmet-express-216707-216717/food_delivery_backend/src/models/models.py", "pattern": "/^    menu_item: Mapped[\"MenuItem\"] = relationship(\"MenuItem\", back_populates=\"order_items\")$/", "language": "Python", "typeref": "typename:Mapped[\"MenuItem\"]", "kind": "variable", "scope": "OrderItem", "scopeKind": "class"}, {"_type": "tag", "name": "menu_item_id", "path": "/home/kavia/workspace/code-generation/gourmet-express-216707-216717/food_delivery_backend/src/models/models.py", "pattern": "/^    menu_item_id: Mapped[int] = mapped_column(ForeignKey(\"menu_items.id\", ondelete=\"RESTRICT\"), /", "language": "Python", "typeref": "typename:Mapped[int]", "kind": "variable", "scope": "OrderItem", "scopeKind": "class"}, {"_type": "tag", "name": "menu_items", "path": "/home/kavia/workspace/code-generation/gourmet-express-216707-216717/food_delivery_backend/src/models/models.py", "pattern": "/^    menu_items: Mapped[list[\"MenuItem\"]] = relationship(\"MenuItem\", back_populates=\"restaurant\")$/", "language": "Python", "typeref": "typename:Mapped[list[\"MenuItem\"]]", "kind": "variable", "scope": "Restaurant", "scopeKind": "class"}, {"_type": "tag", "name": "name", "path": "/home/kavia/workspace/code-generation/gourmet-express-216707-216717/food_delivery_backend/src/models/models.py", "pattern": "/^    name: Mapped[str] = mapped_column(String(255), nullable=False)$/", "language": "Python", "typeref": "typename:Mapped[str]", "kind": "variable", "scope": "MenuItem", "scopeKind": "class"}, {"_type": "tag", "name": "name", "path": "/home/kavia/workspace/code-generation/gourmet-express-216707-216717/food_delivery_backend/src/models/models.py", "pattern": "/^    name: Mapped[str] = mapped_column(String(255), nullable=False)$/", "language": "Python", "typeref": "typename:Mapped[str]", "kind": "variable", "scope": "User", "scopeKind": "class"}, {"_type": "tag", "name": "name", "path": "/home/kavia/workspace/code-generation/gourmet-express-216707-216717/food_delivery_backend/src/models/models.py", "pattern": "/^    name: Mapped[str] = mapped_column(String(255), nullable=False, index=True)$/", "language": "Python", "typeref": "typename:Mapped[str]", "kind": "variable", "scope": "Restaurant", "scopeKind": "class"}, {"_type": "tag", "name": "note", "path": "/home/kavia/workspace/code-generation/gourmet-express-216707-216717/food_delivery_backend/src/models/models.py", "pattern": "/^    note: Mapped[Optional[str]] = mapped_column(Text, nullable=True)$/", "language": "Python", "typeref": "typename:Mapped[Optional[str]]", "kind": "variable", "scope": "DeliveryStatusHistory", "scopeKind": "class"}, {"_type": "tag", "name": "order", "path": "/home/kavia/workspace/code-generation/gourmet-express-216707-216717/food_delivery_backend/src/models/models.py", "pattern": "/^    order: Mapped[\"Order\"] = relationship(\"Order\", back_populates=\"delivery\")$/", "language": "Python", "typeref": "typename:Mapped[\"Order\"]", "kind": "variable", "scope": "Delivery", "scopeKind": "class"}, {"_type": "tag", "name": "order", "path": "/home/kavia/workspace/code-generation/gourmet-express-216707-216717/food_delivery_backend/src/models/models.py", "pattern": "/^    order: Mapped[\"Order\"] = relationship(\"Order\", back_populates=\"items\")$/", "language": "Python", "typeref": "typename:Mapped[\"Order\"]", "kind": "variable", "scope": "OrderItem", "scopeKind": "class"}, {"_type": "tag", "name": "order", "path": "/home/kavia/workspace/code-generation/gourmet-express-216707-216717/food_delivery_backend/src/models/models.py", "pattern": "/^    order: Mapped[\"Order\"] = relationship(\"Order\", back_populates=\"payment\")$/", "language": "Python", "typeref": "typename:Mapped[\"Order\"]", "kind": "variable", "scope": "Payment", "scopeKind": "class"}, {"_type": "tag", "name": "order_id", "path": "/home/kavia/workspace/code-generation/gourmet-express-216707-216717/food_delivery_backend/src/models/models.py", "pattern": "/^    order_id: Mapped[int] = mapped_column(ForeignKey(\"orders.id\", ondelete=\"CASCADE\"), nullable=/", "language": "Python", "typeref": "typename:Mapped[int]", "kind": "variable", "scope": "Delivery", "scopeKind": "class"}, {"_type": "tag", "name": "order_id", "path": "/home/kavia/workspace/code-generation/gourmet-express-216707-216717/food_delivery_backend/src/models/models.py", "pattern": "/^    order_id: Mapped[int] = mapped_column(ForeignKey(\"orders.id\", ondelete=\"CASCADE\"), nullable=/", "language": "Python", "typeref": "typename:Mapped[int]", "kind": "variable", "scope": "OrderItem", "scopeKind": "class"}, {"_type": "tag", "name": "order_id", "path": "/home/kavia/workspace/code-generation/gourmet-express-216707-216717/food_delivery_backend/src/models/models.py", "pattern": "/^    order_id: Mapped[int] = mapped_column(ForeignKey(\"orders.id\", ondelete=\"CASCADE\"), nullable=/", "language": "Python", "typeref": "typename:Mapped[int]", "kind": "variable", "scope": "Payment", "scopeKind": "class"}, {"_type": "tag", "name": "order_items", "path": "/home/kavia/workspace/code-generation/gourmet-express-216707-216717/food_delivery_backend/src/models/models.py", "pattern": "/^    order_items: Mapped[list[\"OrderItem\"]] = relationship(\"OrderItem\", back_populates=\"menu_item/", "language": "Python", "typeref": "typename:Mapped[list[\"OrderItem\"]]", "kind": "variable", "scope": "MenuItem", "scopeKind": "class"}, {"_type": "tag", "name": "orders", "path": "/home/kavia/workspace/code-generation/gourmet-express-216707-216717/food_delivery_backend/src/models/models.py", "pattern": "/^    orders: Mapped[list[\"Order\"]] = relationship(\"Order\", back_populates=\"restaurant\")$/", "language": "Python", "typeref": "typename:Mapped[list[\"Order\"]]", "kind": "variable", "scope": "Restaurant", "scopeKind": "class"}, {"_type": "tag", "name": "orders", "path": "/home/kavia/workspace/code-generation/gourmet-express-216707-216717/food_delivery_backend/src/models/models.py", "pattern": "/^    orders: Mapped[list[\"Order\"]] = relationship(\"Order\", back_populates=\"user\")$/", "language": "Python", "typeref": "typename:Mapped[list[\"Order\"]]", "kind": "variable", "scope": "User", "scopeKind": "class"}, {"_type": "tag", "name": "payment", "path": "/home/kavia/workspace/code-generation/gourmet-express-216707-216717/food_delivery_backend/src/models/models.py", "pattern": "/^    payment: Mapped[Optional[\"Payment\"]] = relationship(\"Payment\", back_populates=\"order\", useli/", "language": "Python", "typeref": "typename:Mapped[Optional[\"Payment\"]]", "kind": "variable", "scope": "Order", "scopeKind": "class"}, {"_type": "tag", "name": "price", "path": "/home/kavia/workspace/code-generation/gourmet-express-216707-216717/food_delivery_backend/src/models/models.py", "pattern": "/^    price: Mapped[Decimal] = mapped_column(Numeric(10, 2), nullable=False)$/", "language": "Python", "typeref": "typename:Mapped[Decimal]", "kind": "variable", "scope": "MenuItem", "scopeKind": "class"}, {"_type": "tag", "name": "provider", "path": "/home/kavia/workspace/code-generation/gourmet-express-216707-216717/food_delivery_backend/src/models/models.py", "pattern": "/^    provider: Mapped[str] = mapped_column(String(100), nullable=False, default=\"mock\")  # stripe/", "language": "Python", "typeref": "typename:Mapped[str]", "kind": "variable", "scope": "Payment", "scopeKind": "class"}, {"_type": "tag", "name": "provider_payment_id", "path": "/home/kavia/workspace/code-generation/gourmet-express-216707-216717/food_delivery_backend/src/models/models.py", "pattern": "/^    provider_payment_id: Mapped[Optional[str]] = mapped_column(String(255), nullable=True)$/", "language": "Python", "typeref": "typename:Mapped[Optional[str]]", "kind": "variable", "scope": "Payment", "scopeKind": "class"}, {"_type": "tag", "name": "quantity", "path": "/home/kavia/workspace/code-generation/gourmet-express-216707-216717/food_delivery_backend/src/models/models.py", "pattern": "/^    quantity: Mapped[int] = mapped_column(Integer, nullable=False, default=1)$/", "language": "Python", "typeref": "typename:Mapped[int]", "kind": "variable", "scope": "OrderItem", "scopeKind": "class"}, {"_type": "tag", "name": "raw_payload", "path": "/home/kavia/workspace/code-generation/gourmet-express-216707-216717/food_delivery_backend/src/models/models.py", "pattern": "/^    raw_payload: Mapped[Optional[str]] = mapped_column(Text, nullable=True)$/", "language": "Python", "typeref": "typename:Mapped[Optional[str]]", "kind": "variable", "scope": "Payment", "scopeKind": "class"}, {"_type": "tag", "name": "restaurant", "path": "/home/kavia/workspace/code-generation/gourmet-express-216707-216717/food_delivery_backend/src/models/models.py", "pattern": "/^    restaurant: Mapped[\"Restaurant\"] = relationship(\"Restaurant\", back_populates=\"menu_items\")$/", "language": "Python", "typeref": "typename:Mapped[\"Restaurant\"]", "kind": "variable", "scope": "MenuItem", "scopeKind": "class"}, {"_type": "tag", "name": "restaurant", "path": "/home/kavia/workspace/code-generation/gourmet-express-216707-216717/food_delivery_backend/src/models/models.py", "pattern": "/^    restaurant: Mapped[\"Restaurant\"] = relationship(\"Restaurant\", back_populates=\"orders\")$/", "language": "Python", "typeref": "typename:Mapped[\"Restaurant\"]", "kind": "variable", "scope": "Order", "scopeKind": "class"}, {"_type": "tag", "name": "restaurant_id", "path": "/home/kavia/workspace/code-generation/gourmet-express-216707-216717/food_delivery_backend/src/models/models.py", "pattern": "/^    restaurant_id: Mapped[int] = mapped_column(ForeignKey(\"restaurants.id\", ondelete=\"CASCADE\"),/", "language": "Python", "typeref": "typename:Mapped[int]", "kind": "variable", "scope": "MenuItem", "scopeKind": "class"}, {"_type": "tag", "name": "restaurant_id", "path": "/home/kavia/workspace/code-generation/gourmet-express-216707-216717/food_delivery_backend/src/models/models.py", "pattern": "/^    restaurant_id: Mapped[int] = mapped_column(ForeignKey(\"restaurants.id\", ondelete=\"RESTRICT\")/", "language": "Python", "typeref": "typename:Mapped[int]", "kind": "variable", "scope": "Order", "scopeKind": "class"}, {"_type": "tag", "name": "role", "path": "/home/kavia/workspace/code-generation/gourmet-express-216707-216717/food_delivery_backend/src/models/models.py", "pattern": "/^    role: Mapped[str] = mapped_column(String(50), nullable=False, default=\"customer\")  # custome/", "language": "Python", "typeref": "typename:Mapped[str]", "kind": "variable", "scope": "User", "scopeKind": "class"}, {"_type": "tag", "name": "status", "path": "/home/kavia/workspace/code-generation/gourmet-express-216707-216717/food_delivery_backend/src/models/models.py", "pattern": "/^    status: Mapped[str] = mapped_column(String(50), nullable=False)$/", "language": "Python", "typeref": "typename:Mapped[str]", "kind": "variable", "scope": "DeliveryStatusHistory", "scopeKind": "class"}, {"_type": "tag", "name": "status", "path": "/home/kavia/workspace/code-generation/gourmet-express-216707-216717/food_delivery_backend/src/models/models.py", "pattern": "/^    status: Mapped[str] = mapped_column(String(50), nullable=False, default=\"created\")  # create/", "language": "Python", "typeref": "typename:Mapped[str]", "kind": "variable", "scope": "Order", "scopeKind": "class"}, {"_type": "tag", "name": "status", "path": "/home/kavia/workspace/code-generation/gourmet-express-216707-216717/food_delivery_backend/src/models/models.py", "pattern": "/^    status: Mapped[str] = mapped_column(String(50), nullable=False, default=\"pending\")  # pendin/", "language": "Python", "typeref": "typename:Mapped[str]", "kind": "variable", "scope": "Payment", "scopeKind": "class"}, {"_type": "tag", "name": "status", "path": "/home/kavia/workspace/code-generation/gourmet-express-216707-216717/food_delivery_backend/src/models/models.py", "pattern": "/^    status: Mapped[str] = mapped_column(String(50), nullable=False, default=\"unassigned\")  # una/", "language": "Python", "typeref": "typename:Mapped[str]", "kind": "variable", "scope": "Delivery", "scopeKind": "class"}, {"_type": "tag", "name": "status_history", "path": "/home/kavia/workspace/code-generation/gourmet-express-216707-216717/food_delivery_backend/src/models/models.py", "pattern": "/^    status_history: Mapped[list[\"DeliveryStatusHistory\"]] = relationship($/", "language": "Python", "typeref": "typename:Mapped[list[\"DeliveryStatusHistory\"]]", "kind": "variable", "scope": "Delivery", "scopeKind": "class"}], "hash": "e9632f97130a3ab5fda1595e2de47bab", "format-version": 4, "code-base-name": "food_delivery_backend", "filename": "food_delivery_backend/src/models/models.py", "fields": [{"name": "__tablename__ = \"deliveries\"", "scope": "Delivery", "scopeKind": "class", "description": "unavailable"}, {"name": "__tablename__ = \"delivery_status_history\"", "scope": "DeliveryStatusHistory", "scopeKind": "class", "description": "unavailable"}, {"name": "__tablename__ = \"menu_items\"", "scope": "MenuItem", "scopeKind": "class", "description": "unavailable"}, {"name": "__tablename__ = \"order_items\"", "scope": "OrderItem", "scopeKind": "class", "description": "unavailable"}, {"name": "__tablename__ = \"orders\"", "scope": "Order", "scopeKind": "class", "description": "unavailable"}, {"name": "__tablename__ = \"payments\"", "scope": "Payment", "scopeKind": "class", "description": "unavailable"}, {"name": "__tablename__ = \"restaurants\"", "scope": "Restaurant", "scopeKind": "class", "description": "unavailable"}, {"name": "__tablename__ = \"users\"", "scope": "User", "scopeKind": "class", "description": "unavailable"}, {"name": "Mapped[Optional[str]] address", "scope": "Restaurant", "scopeKind": "class", "description": "unavailable"}, {"name": "Mapped[Decimal] amount", "scope": "Payment", "scopeKind": "class", "description": "unavailable"}, {"name": "Mapped[datetime] created_at", "scope": "Delivery", "scopeKind": "class", "description": "unavailable"}, {"name": "Mapped[list[\"Delivery\"]] deliveries", "scope": "User", "scopeKind": "class", "description": "unavailable"}, {"name": "Mapped[Optional[\"Delivery\"]] delivery", "scope": "Order", "scopeKind": "class", "description": "unavailable"}, {"name": "Mapped[\"Delivery\"] delivery", "scope": "DeliveryStatusHistory", "scopeKind": "class", "description": "unavailable"}, {"name": "Mapped[Optional[str]] delivery_address", "scope": "Order", "scopeKind": "class", "description": "unavailable"}, {"name": "Mapped[int] delivery_id", "scope": "DeliveryStatusHistory", "scopeKind": "class", "description": "unavailable"}, {"name": "Mapped[Optional[\"User\"]] delivery_person", "scope": "Delivery", "scopeKind": "class", "description": "unavailable"}, {"name": "Mapped[Optional[int]] delivery_person_id", "scope": "Delivery", "scopeKind": "class", "description": "unavailable"}, {"name": "Mapped[Optional[str]] description", "scope": "MenuItem", "scopeKind": "class", "description": "unavailable"}, {"name": "Mapped[str] email", "scope": "User", "scopeKind": "class", "description": "unavailable"}, {"name": "Mapped[Optional[int]] eta_minutes", "scope": "Delivery", "scopeKind": "class", "description": "unavailable"}, {"name": "Mapped[Optional[str]] hashed_password", "scope": "User", "scopeKind": "class", "description": "unavailable"}, {"name": "Mapped[int] id", "scope": "Delivery", "scopeKind": "class", "description": "unavailable"}, {"name": "Mapped[Optional[str]] image_url", "scope": "MenuItem", "scopeKind": "class", "description": "unavailable"}, {"name": "Mapped[bool] is_available", "scope": "MenuItem", "scopeKind": "class", "description": "unavailable"}, {"name": "Mapped[list[\"OrderItem\"]] items", "scope": "Order", "scopeKind": "class", "description": "unavailable"}, {"name": "Mapped[Decimal] line_total", "scope": "OrderItem", "scopeKind": "class", "description": "unavailable"}, {"name": "Mapped[\"MenuItem\"] menu_item", "scope": "OrderItem", "scopeKind": "class", "description": "unavailable"}, {"name": "Mapped[int] menu_item_id", "scope": "OrderItem", "scopeKind": "class", "description": "unavailable"}, {"name": "Mapped[list[\"MenuItem\"]] menu_items", "scope": "Restaurant", "scopeKind": "class", "description": "unavailable"}, {"name": "Mapped[str] name", "scope": "MenuItem", "scopeKind": "class", "description": "unavailable"}, {"name": "Mapped[Optional[str]] note", "scope": "DeliveryStatusHistory", "scopeKind": "class", "description": "unavailable"}, {"name": "Mapped[\"Order\"] order", "scope": "Delivery", "scopeKind": "class", "description": "unavailable"}, {"name": "Mapped[int] order_id", "scope": "Delivery", "scopeKind": "class", "description": "unavailable"}, {"name": "Mapped[list[\"OrderItem\"]] order_items", "scope": "MenuItem", "scopeKind": "class", "description": "unavailable"}, {"name": "Mapped[list[\"Order\"]] orders", "scope": "Restaurant", "scopeKind": "class", "description": "unavailable"}, {"name": "Mapped[Optional[\"Payment\"]] payment", "scope": "Order", "scopeKind": "class", "description": "unavailable"}, {"name": "Mapped[Decimal] price", "scope": "MenuItem", "scopeKind": "class", "description": "unavailable"}, {"name": "Mapped[str] provider", "scope": "Payment", "scopeKind": "class", "description": "unavailable"}, {"name": "Mapped[Optional[str]] provider_payment_id", "scope": "Payment", "scopeKind": "class", "description": "unavailable"}, {"name": "Mapped[int] quantity", "scope": "OrderItem", "scopeKind": "class", "description": "unavailable"}, {"name": "Mapped[Optional[str]] raw_payload", "scope": "Payment", "scopeKind": "class", "description": "unavailable"}, {"name": "Mapped[\"Restaurant\"] restaurant", "scope": "MenuItem", "scopeKind": "class", "description": "unavailable"}, {"name": "Mapped[int] restaurant_id", "scope": "MenuItem", "scopeKind": "class", "description": "unavailable"}, {"name": "Mapped[str] role", "scope": "User", "scopeKind": "class", "description": "unavailable"}, {"name": "Mapped[str] status", "scope": "DeliveryStatusHistory", "scopeKind": "class", "description": "unavailable"}, {"name": "Mapped[list[\"DeliveryStatusHistory\"]] status_history", "scope": "Delivery", "scopeKind": "class", "description": "unavailable"}], "revision_history": [{"26": "522fd31268126df6cf88d0e597b3b54223ad0948"}]}