{"is_source_file": true, "format": "Python", "description": "This is an `__init__.py` file for the backend application package, serving as a package initializer and enabling module imports under the `src.*` namespace.", "external_files": [], "external_methods": [], "published": [], "classes": [], "methods": [], "calls": [], "search-terms": ["__init__.py", "package initializer", "module import", "src namespace"], "state": 2, "file_id": 5, "knowledge_revision": 12, "git_revision": "", "ctags": [], "hash": "03583eeadfefc2b612e600a640ce706e", "format-version": 4, "code-base-name": "food_delivery_backend", "filename": "food_delivery_backend/src/__init__.py", "revision_history": [{"12": ""}]}