{"is_source_file": true, "format": "Python", "description": "This file defines Pydantic data models (schemas) used for data validation and serialization in the backend of a food delivery application. It includes schemas for users, restaurants, menu items, orders, payments, and deliveries.", "external_files": ["pydantic", "datetime", "decimal", "typing"], "external_methods": [], "published": ["UserCreate", "UserRead", "RestaurantCreate", "RestaurantRead", "MenuItemCreate", "MenuItemRead", "OrderItemCreate", "OrderCreate", "OrderItemRead", "OrderRead", "PaymentCreate", "PaymentRead", "MockPaymentIntentCreate", "MockPaymentIntentRead", "PaymentWebhookEvent", "DeliveryCreate", "DeliveryRead", "DeliveryAssignRequest", "DeliveryStatusHistoryCreate", "DeliveryStatusHistoryRead", "DeliveryWithHistoryRead"], "classes": [{"name": "_BaseSchema", "description": "Base Pydantic model with custom configuration for inheritance."}, {"name": "UserCreate", "description": "Schema for creating a new user, including email, name, role, and optional password."}, {"name": "UserRead", "description": "Schema for reading user details, including id, email, name, role, and creation timestamp."}, {"name": "RestaurantCreate", "description": "Schema for creating a new restaurant, including name, description, and address."}, {"name": "RestaurantRead", "description": "Schema for reading restaurant details."}, {"name": "MenuItemCreate", "description": "Schema for creating menu items, including restaurant ID, name, description, price, image URL, and availability."}, {"name": "MenuItemRead", "description": "Schema for reading menu item details."}, {"name": "OrderItemCreate", "description": "Schema for creating order items emphasizing menu item ID and quantity."}, {"name": "OrderCreate", "description": "Schema for creating an order with user ID, restaurant ID, optional delivery address, and list of order items."}, {"name": "OrderItemRead", "description": "Schema for reading details of an individual order item."}, {"name": "OrderRead", "description": "Schema for reading complete order details, including list of items and status."}, {"name": "PaymentCreate", "description": "Schema for initiating a payment, including order ID, provider, amount, and optional provider payment ID."}, {"name": "PaymentRead", "description": "Schema for reading payment details."}, {"name": "MockPaymentIntentCreate", "description": "Schema for creating a mock payment intent for testing purposes."}, {"name": "MockPaymentIntentRead", "description": "Schema for reading details of a mock payment intent."}, {"name": "PaymentWebhookEvent", "description": "Schema for representing webhook event payloads from the mock payment provider."}, {"name": "DeliveryCreate", "description": "Schema for creating delivery records."}, {"name": "DeliveryRead", "description": "Schema for reading delivery details."}, {"name": "DeliveryAssignRequest", "description": "Schema for requesting assignment of a delivery person."}, {"name": "DeliveryStatusHistoryCreate", "description": "Schema for creating status history entries for deliveries."}, {"name": "DeliveryStatusHistoryRead", "description": "Schema for reading delivery status history."}, {"name": "DeliveryWithHistoryRead", "description": "Composite schema including delivery details and its history."}], "calls": [], "state": 2, "file_id": 10, "knowledge_revision": 36, "git_revision": "b927feaecf1ff4cdb4b968f03130bf77cf2a85a7", "revision_history": [{"27": "522fd31268126df6cf88d0e597b3b54223ad0948"}, {"36": "b927feaecf1ff4cdb4b968f03130bf77cf2a85a7"}], "ctags": [{"_type": "tag", "name": "DeliveryAssignRequest", "path": "/home/kavia/workspace/code-generation/gourmet-express-216707-216717/food_delivery_backend/src/schemas/schemas.py", "pattern": "/^class DeliveryAssignRequest(_BaseSchema):$/", "language": "Python", "kind": "class"}, {"_type": "tag", "name": "DeliveryCreate", "path": "/home/kavia/workspace/code-generation/gourmet-express-216707-216717/food_delivery_backend/src/schemas/schemas.py", "pattern": "/^class DeliveryCreate(_BaseSchema):$/", "language": "Python", "kind": "class"}, {"_type": "tag", "name": "DeliveryRead", "path": "/home/kavia/workspace/code-generation/gourmet-express-216707-216717/food_delivery_backend/src/schemas/schemas.py", "pattern": "/^class DeliveryRead(_BaseSchema):$/", "language": "Python", "kind": "class"}, {"_type": "tag", "name": "DeliveryStatusHistoryCreate", "path": "/home/kavia/workspace/code-generation/gourmet-express-216707-216717/food_delivery_backend/src/schemas/schemas.py", "pattern": "/^class DeliveryStatusHistoryCreate(_BaseSchema):$/", "language": "Python", "kind": "class"}, {"_type": "tag", "name": "DeliveryStatusHistoryRead", "path": "/home/kavia/workspace/code-generation/gourmet-express-216707-216717/food_delivery_backend/src/schemas/schemas.py", "pattern": "/^class DeliveryStatusHistoryRead(_BaseSchema):$/", "language": "Python", "kind": "class"}, {"_type": "tag", "name": "DeliveryWithHistoryRead", "path": "/home/kavia/workspace/code-generation/gourmet-express-216707-216717/food_delivery_backend/src/schemas/schemas.py", "pattern": "/^class DeliveryWithHistoryRead(_BaseSchema):$/", "language": "Python", "kind": "class"}, {"_type": "tag", "name": "MenuItemCreate", "path": "/home/kavia/workspace/code-generation/gourmet-express-216707-216717/food_delivery_backend/src/schemas/schemas.py", "pattern": "/^class MenuItemCreate(_BaseSchema):$/", "language": "Python", "kind": "class"}, {"_type": "tag", "name": "MenuItemRead", "path": "/home/kavia/workspace/code-generation/gourmet-express-216707-216717/food_delivery_backend/src/schemas/schemas.py", "pattern": "/^class MenuItemRead(_BaseSchema):$/", "language": "Python", "kind": "class"}, {"_type": "tag", "name": "MockPaymentIntentCreate", "path": "/home/kavia/workspace/code-generation/gourmet-express-216707-216717/food_delivery_backend/src/schemas/schemas.py", "pattern": "/^class MockPaymentIntentCreate(_BaseSchema):$/", "language": "Python", "kind": "class"}, {"_type": "tag", "name": "MockPaymentIntentRead", "path": "/home/kavia/workspace/code-generation/gourmet-express-216707-216717/food_delivery_backend/src/schemas/schemas.py", "pattern": "/^class MockPaymentIntentRead(_BaseSchema):$/", "language": "Python", "kind": "class"}, {"_type": "tag", "name": "OrderCreate", "path": "/home/kavia/workspace/code-generation/gourmet-express-216707-216717/food_delivery_backend/src/schemas/schemas.py", "pattern": "/^class OrderCreate(_BaseSchema):$/", "language": "Python", "kind": "class"}, {"_type": "tag", "name": "OrderItemCreate", "path": "/home/kavia/workspace/code-generation/gourmet-express-216707-216717/food_delivery_backend/src/schemas/schemas.py", "pattern": "/^class OrderItemCreate(_BaseSchema):$/", "language": "Python", "kind": "class"}, {"_type": "tag", "name": "OrderItemRead", "path": "/home/kavia/workspace/code-generation/gourmet-express-216707-216717/food_delivery_backend/src/schemas/schemas.py", "pattern": "/^class OrderItemRead(_BaseSchema):$/", "language": "Python", "kind": "class"}, {"_type": "tag", "name": "OrderRead", "path": "/home/kavia/workspace/code-generation/gourmet-express-216707-216717/food_delivery_backend/src/schemas/schemas.py", "pattern": "/^class OrderRead(_BaseSchema):$/", "language": "Python", "kind": "class"}, {"_type": "tag", "name": "PaymentCreate", "path": "/home/kavia/workspace/code-generation/gourmet-express-216707-216717/food_delivery_backend/src/schemas/schemas.py", "pattern": "/^class PaymentCreate(_BaseSchema):$/", "language": "Python", "kind": "class"}, {"_type": "tag", "name": "PaymentRead", "path": "/home/kavia/workspace/code-generation/gourmet-express-216707-216717/food_delivery_backend/src/schemas/schemas.py", "pattern": "/^class PaymentRead(_BaseSchema):$/", "language": "Python", "kind": "class"}, {"_type": "tag", "name": "PaymentWebhookEvent", "path": "/home/kavia/workspace/code-generation/gourmet-express-216707-216717/food_delivery_backend/src/schemas/schemas.py", "pattern": "/^class PaymentWebhookEvent(_BaseSchema):$/", "language": "Python", "kind": "class"}, {"_type": "tag", "name": "RestaurantCreate", "path": "/home/kavia/workspace/code-generation/gourmet-express-216707-216717/food_delivery_backend/src/schemas/schemas.py", "pattern": "/^class RestaurantCreate(_BaseSchema):$/", "language": "Python", "kind": "class"}, {"_type": "tag", "name": "RestaurantRead", "path": "/home/kavia/workspace/code-generation/gourmet-express-216707-216717/food_delivery_backend/src/schemas/schemas.py", "pattern": "/^class RestaurantRead(_BaseSchema):$/", "language": "Python", "kind": "class"}, {"_type": "tag", "name": "UserCreate", "path": "/home/kavia/workspace/code-generation/gourmet-express-216707-216717/food_delivery_backend/src/schemas/schemas.py", "pattern": "/^class UserCreate(_BaseSchema):$/", "language": "Python", "kind": "class"}, {"_type": "tag", "name": "UserRead", "path": "/home/kavia/workspace/code-generation/gourmet-express-216707-216717/food_delivery_backend/src/schemas/schemas.py", "pattern": "/^class UserRead(_BaseSchema):$/", "language": "Python", "kind": "class"}, {"_type": "tag", "name": "_BaseSchema", "path": "/home/kavia/workspace/code-generation/gourmet-express-216707-216717/food_delivery_backend/src/schemas/schemas.py", "pattern": "/^class _BaseSchema(BaseModel):$/", "language": "Python", "kind": "class"}, {"_type": "tag", "name": "address", "path": "/home/kavia/workspace/code-generation/gourmet-express-216707-216717/food_delivery_backend/src/schemas/schemas.py", "pattern": "/^    address: Optional[str] = Field(None, max_length=500)$/", "language": "Python", "typeref": "typename:Optional[str]", "kind": "variable", "scope": "RestaurantCreate", "scopeKind": "class"}, {"_type": "tag", "name": "amount", "path": "/home/kavia/workspace/code-generation/gourmet-express-216707-216717/food_delivery_backend/src/schemas/schemas.py", "pattern": "/^    amount: Optional[Decimal] = Field(None, description=\"If omitted, uses order.total_amount.\")$/", "language": "Python", "typeref": "typename:Optional[Decimal]", "kind": "variable", "scope": "MockPaymentIntentCreate", "scopeKind": "class"}, {"_type": "tag", "name": "checkout_url", "path": "/home/kavia/workspace/code-generation/gourmet-express-216707-216717/food_delivery_backend/src/schemas/schemas.py", "pattern": "/^    checkout_url: str = Field(..., description=\"Mock checkout URL (for UI simulation).\")$/", "language": "Python", "typeref": "typename:str", "kind": "variable", "scope": "MockPaymentIntentRead", "scopeKind": "class"}, {"_type": "tag", "name": "currency", "path": "/home/kavia/workspace/code-generation/gourmet-express-216707-216717/food_delivery_backend/src/schemas/schemas.py", "pattern": "/^    currency: str = Field(\"USD\", min_length=3, max_length=3, description=\"3-letter currency code/", "language": "Python", "typeref": "typename:str", "kind": "variable", "scope": "MockPaymentIntentCreate", "scopeKind": "class"}, {"_type": "tag", "name": "delivery_address", "path": "/home/kavia/workspace/code-generation/gourmet-express-216707-216717/food_delivery_backend/src/schemas/schemas.py", "pattern": "/^    delivery_address: Optional[str] = Field(None, max_length=500)$/", "language": "Python", "typeref": "typename:Optional[str]", "kind": "variable", "scope": "OrderCreate", "scopeKind": "class"}, {"_type": "tag", "name": "delivery_person_id", "path": "/home/kavia/workspace/code-generation/gourmet-express-216707-216717/food_delivery_backend/src/schemas/schemas.py", "pattern": "/^    delivery_person_id: Optional[int] = None$/", "language": "Python", "typeref": "typename:Optional[int]", "kind": "variable", "scope": "DeliveryCreate", "scopeKind": "class"}, {"_type": "tag", "name": "delivery_person_id", "path": "/home/kavia/workspace/code-generation/gourmet-express-216707-216717/food_delivery_backend/src/schemas/schemas.py", "pattern": "/^    delivery_person_id: int = Field(..., description=\"User id of the delivery person.\")$/", "language": "Python", "typeref": "typename:int", "kind": "variable", "scope": "DeliveryAssignRequest", "scopeKind": "class"}, {"_type": "tag", "name": "description", "path": "/home/kavia/workspace/code-generation/gourmet-express-216707-216717/food_delivery_backend/src/schemas/schemas.py", "pattern": "/^    description: Optional[str] = None$/", "language": "Python", "typeref": "typename:Optional[str]", "kind": "variable", "scope": "MenuItemCreate", "scopeKind": "class"}, {"_type": "tag", "name": "description", "path": "/home/kavia/workspace/code-generation/gourmet-express-216707-216717/food_delivery_backend/src/schemas/schemas.py", "pattern": "/^    description: Optional[str] = None$/", "language": "Python", "typeref": "typename:Optional[str]", "kind": "variable", "scope": "RestaurantCreate", "scopeKind": "class"}, {"_type": "tag", "name": "email", "path": "/home/kavia/workspace/code-generation/gourmet-express-216707-216717/food_delivery_backend/src/schemas/schemas.py", "pattern": "/^    email: EmailStr = Field(..., description=\"User email (unique).\")$/", "language": "Python", "typeref": "typename:EmailStr", "kind": "variable", "scope": "UserCreate", "scopeKind": "class"}, {"_type": "tag", "name": "eta_minutes", "path": "/home/kavia/workspace/code-generation/gourmet-express-216707-216717/food_delivery_backend/src/schemas/schemas.py", "pattern": "/^    eta_minutes: Optional[int] = Field(None, ge=1)$/", "language": "Python", "typeref": "typename:Optional[int]", "kind": "variable", "scope": "DeliveryCreate", "scopeKind": "class"}, {"_type": "tag", "name": "eta_minutes", "path": "/home/kavia/workspace/code-generation/gourmet-express-216707-216717/food_delivery_backend/src/schemas/schemas.py", "pattern": "/^    eta_minutes: Optional[int] = Field(None, ge=1, description=\"Optional ETA in minutes.\")$/", "language": "Python", "typeref": "typename:Optional[int]", "kind": "variable", "scope": "DeliveryAssignRequest", "scopeKind": "class"}, {"_type": "tag", "name": "event_type", "path": "/home/kavia/workspace/code-generation/gourmet-express-216707-216717/food_delivery_backend/src/schemas/schemas.py", "pattern": "/^    event_type: str = Field(..., description=\"Event type, e.g. payment.authorized, payment.captu/", "language": "Python", "typeref": "typename:str", "kind": "variable", "scope": "PaymentWebhookEvent", "scopeKind": "class"}, {"_type": "tag", "name": "history", "path": "/home/kavia/workspace/code-generation/gourmet-express-216707-216717/food_delivery_backend/src/schemas/schemas.py", "pattern": "/^    history: list[DeliveryStatusHistoryRead] = Field(default_factory=list)$/", "language": "Python", "typeref": "typename:list[DeliveryStatusHistoryRead]", "kind": "variable", "scope": "DeliveryWithHistoryRead", "scopeKind": "class"}, {"_type": "tag", "name": "image_url", "path": "/home/kavia/workspace/code-generation/gourmet-express-216707-216717/food_delivery_backend/src/schemas/schemas.py", "pattern": "/^    image_url: Optional[str] = Field(None, max_length=500)$/", "language": "Python", "typeref": "typename:Optional[str]", "kind": "variable", "scope": "MenuItemCreate", "scopeKind": "class"}, {"_type": "tag", "name": "is_available", "path": "/home/kavia/workspace/code-generation/gourmet-express-216707-216717/food_delivery_backend/src/schemas/schemas.py", "pattern": "/^    is_available: bool = True$/", "language": "Python", "typeref": "typename:bool", "kind": "variable", "scope": "MenuItemCreate", "scopeKind": "class"}, {"_type": "tag", "name": "items", "path": "/home/kavia/workspace/code-generation/gourmet-express-216707-216717/food_delivery_backend/src/schemas/schemas.py", "pattern": "/^    items: list[OrderItemCreate] = Field(..., min_length=1)$/", "language": "Python", "typeref": "typename:list[OrderItemCreate]", "kind": "variable", "scope": "OrderCreate", "scopeKind": "class"}, {"_type": "tag", "name": "items", "path": "/home/kavia/workspace/code-generation/gourmet-express-216707-216717/food_delivery_backend/src/schemas/schemas.py", "pattern": "/^    items: list[OrderItemRead] = []$/", "language": "Python", "typeref": "typename:list[OrderItemRead]", "kind": "variable", "scope": "OrderRead", "scopeKind": "class"}, {"_type": "tag", "name": "model_config", "path": "/home/kavia/workspace/code-generation/gourmet-express-216707-216717/food_delivery_backend/src/schemas/schemas.py", "pattern": "/^    model_config = {\"from_attributes\": True}$/", "language": "Python", "kind": "variable", "scope": "_BaseSchema", "scopeKind": "class"}, {"_type": "tag", "name": "name", "path": "/home/kavia/workspace/code-generation/gourmet-express-216707-216717/food_delivery_backend/src/schemas/schemas.py", "pattern": "/^    name: str = Field(..., min_length=1, max_length=255)$/", "language": "Python", "typeref": "typename:str", "kind": "variable", "scope": "MenuItemCreate", "scopeKind": "class"}, {"_type": "tag", "name": "name", "path": "/home/kavia/workspace/code-generation/gourmet-express-216707-216717/food_delivery_backend/src/schemas/schemas.py", "pattern": "/^    name: str = Field(..., min_length=1, max_length=255)$/", "language": "Python", "typeref": "typename:str", "kind": "variable", "scope": "RestaurantCreate", "scopeKind": "class"}, {"_type": "tag", "name": "name", "path": "/home/kavia/workspace/code-generation/gourmet-express-216707-216717/food_delivery_backend/src/schemas/schemas.py", "pattern": "/^    name: str = Field(..., min_length=1, max_length=255, description=\"Display name.\")$/", "language": "Python", "typeref": "typename:str", "kind": "variable", "scope": "UserCreate", "scopeKind": "class"}, {"_type": "tag", "name": "note", "path": "/home/kavia/workspace/code-generation/gourmet-express-216707-216717/food_delivery_backend/src/schemas/schemas.py", "pattern": "/^    note: Optional[str] = None$/", "language": "Python", "typeref": "typename:Optional[str]", "kind": "variable", "scope": "DeliveryStatusHistoryCreate", "scopeKind": "class"}, {"_type": "tag", "name": "order_id", "path": "/home/kavia/workspace/code-generation/gourmet-express-216707-216717/food_delivery_backend/src/schemas/schemas.py", "pattern": "/^    order_id: int = Field(..., description=\"Order id related to this payment.\")$/", "language": "Python", "typeref": "typename:int", "kind": "variable", "scope": "PaymentWebhookEvent", "scopeKind": "class"}, {"_type": "tag", "name": "order_id", "path": "/home/kavia/workspace/code-generation/gourmet-express-216707-216717/food_delivery_backend/src/schemas/schemas.py", "pattern": "/^    order_id: int = Field(..., description=\"Order id to create\\/initiate a mock payment for.\")$/", "language": "Python", "typeref": "typename:int", "kind": "variable", "scope": "MockPaymentIntentCreate", "scopeKind": "class"}, {"_type": "tag", "name": "password", "path": "/home/kavia/workspace/code-generation/gourmet-express-216707-216717/food_delivery_backend/src/schemas/schemas.py", "pattern": "/^    password: Optional[str] = Field(None, description=\"Plain password (will be hashed by future /", "language": "Python", "typeref": "typename:Optional[str]", "kind": "variable", "scope": "UserCreate", "scopeKind": "class"}, {"_type": "tag", "name": "price", "path": "/home/kavia/workspace/code-generation/gourmet-express-216707-216717/food_delivery_backend/src/schemas/schemas.py", "pattern": "/^    price: Decimal = Field(..., description=\"Item price.\")$/", "language": "Python", "typeref": "typename:Decimal", "kind": "variable", "scope": "MenuItemCreate", "scopeKind": "class"}, {"_type": "tag", "name": "provider", "path": "/home/kavia/workspace/code-generation/gourmet-express-216707-216717/food_delivery_backend/src/schemas/schemas.py", "pattern": "/^    provider: str = Field(\"mock\", description=\"Payment provider identifier.\")$/", "language": "Python", "typeref": "typename:str", "kind": "variable", "scope": "MockPaymentIntentCreate", "scopeKind": "class"}, {"_type": "tag", "name": "provider", "path": "/home/kavia/workspace/code-generation/gourmet-express-216707-216717/food_delivery_backend/src/schemas/schemas.py", "pattern": "/^    provider: str = Field(\"mock\", description=\"Provider name.\")$/", "language": "Python", "typeref": "typename:str", "kind": "variable", "scope": "PaymentWebhookEvent", "scopeKind": "class"}, {"_type": "tag", "name": "provider", "path": "/home/kavia/workspace/code-generation/gourmet-express-216707-216717/food_delivery_backend/src/schemas/schemas.py", "pattern": "/^    provider: str = Field(\"mock\", max_length=100)$/", "language": "Python", "typeref": "typename:str", "kind": "variable", "scope": "PaymentCreate", "scopeKind": "class"}, {"_type": "tag", "name": "provider_payment_id", "path": "/home/kavia/workspace/code-generation/gourmet-express-216707-216717/food_delivery_backend/src/schemas/schemas.py", "pattern": "/^    provider_payment_id: Optional[str] = Field(None, max_length=255)$/", "language": "Python", "typeref": "typename:Optional[str]", "kind": "variable", "scope": "PaymentCreate", "scopeKind": "class"}, {"_type": "tag", "name": "provider_payment_id", "path": "/home/kavia/workspace/code-generation/gourmet-express-216707-216717/food_delivery_backend/src/schemas/schemas.py", "pattern": "/^    provider_payment_id: str = Field(..., description=\"Mock provider payment id.\")$/", "language": "Python", "typeref": "typename:str", "kind": "variable", "scope": "MockPaymentIntentRead", "scopeKind": "class"}, {"_type": "tag", "name": "provider_payment_id", "path": "/home/kavia/workspace/code-generation/gourmet-express-216707-216717/food_delivery_backend/src/schemas/schemas.py", "pattern": "/^    provider_payment_id: str = Field(..., description=\"Provider payment id for correlation.\")$/", "language": "Python", "typeref": "typename:str", "kind": "variable", "scope": "PaymentWebhookEvent", "scopeKind": "class"}, {"_type": "tag", "name": "quantity", "path": "/home/kavia/workspace/code-generation/gourmet-express-216707-216717/food_delivery_backend/src/schemas/schemas.py", "pattern": "/^    quantity: int = Field(1, ge=1)$/", "language": "Python", "typeref": "typename:int", "kind": "variable", "scope": "OrderItemCreate", "scopeKind": "class"}, {"_type": "tag", "name": "raw", "path": "/home/kavia/workspace/code-generation/gourmet-express-216707-216717/food_delivery_backend/src/schemas/schemas.py", "pattern": "/^    raw: Dict[str, Any] = Field(default_factory=dict, description=\"Raw provider payload for debu/", "language": "Python", "typeref": "typename:Dict[str, Any]", "kind": "variable", "scope": "PaymentWebhookEvent", "scopeKind": "class"}, {"_type": "tag", "name": "raw_payload", "path": "/home/kavia/workspace/code-generation/gourmet-express-216707-216717/food_delivery_backend/src/schemas/schemas.py", "pattern": "/^    raw_payload: Optional[str] = None$/", "language": "Python", "typeref": "typename:Optional[str]", "kind": "variable", "scope": "PaymentCreate", "scopeKind": "class"}, {"_type": "tag", "name": "role", "path": "/home/kavia/workspace/code-generation/gourmet-express-216707-216717/food_delivery_backend/src/schemas/schemas.py", "pattern": "/^    role: str = Field(\"customer\", description=\"Role: customer\\/admin\\/delivery.\")$/", "language": "Python", "typeref": "typename:str", "kind": "variable", "scope": "UserCreate", "scopeKind": "class"}, {"_type": "tag", "name": "status", "path": "/home/kavia/workspace/code-generation/gourmet-express-216707-216717/food_delivery_backend/src/schemas/schemas.py", "pattern": "/^    status: str = Field(..., description=\"New payment status: pending\\/authorized\\/captured\\/fai/", "language": "Python", "typeref": "typename:str", "kind": "variable", "scope": "PaymentWebhookEvent", "scopeKind": "class"}, {"_type": "tag", "name": "status", "path": "/home/kavia/workspace/code-generation/gourmet-express-216707-216717/food_delivery_backend/src/schemas/schemas.py", "pattern": "/^    status: str = Field(..., max_length=50)$/", "language": "Python", "typeref": "typename:str", "kind": "variable", "scope": "DeliveryStatusHistoryCreate", "scopeKind": "class"}, {"_type": "tag", "name": "succeed", "path": "/home/kavia/workspace/code-generation/gourmet-express-216707-216717/food_delivery_backend/src/schemas/schemas.py", "pattern": "/^    succeed: bool = Field(True, description=\"If true, intent is created as 'authorized'; else 'f/", "language": "Python", "typeref": "typename:bool", "kind": "variable", "scope": "MockPaymentIntentCreate", "scopeKind": "class"}], "hash": "841c0a3ab20a7b4a5d1469440b81b9bc", "format-version": 4, "code-base-name": "food_delivery_backend", "filename": "food_delivery_backend/src/schemas/schemas.py", "search-terms": [], "fields": [{"name": "Optional[str] address", "scope": "RestaurantCreate", "scopeKind": "class", "description": "unavailable"}, {"name": "Optional[Decimal] amount", "scope": "MockPaymentIntentCreate", "scopeKind": "class", "description": "unavailable"}, {"name": "str checkout_url", "scope": "MockPaymentIntentRead", "scopeKind": "class", "description": "unavailable"}, {"name": "str currency", "scope": "MockPaymentIntentCreate", "scopeKind": "class", "description": "unavailable"}, {"name": "Optional[str] delivery_address", "scope": "OrderCreate", "scopeKind": "class", "description": "unavailable"}, {"name": "Optional[int] delivery_person_id", "scope": "DeliveryCreate", "scopeKind": "class", "description": "unavailable"}, {"name": "int delivery_person_id", "scope": "DeliveryAssignRequest", "scopeKind": "class", "description": "unavailable"}, {"name": "Optional[str] description", "scope": "MenuItemCreate", "scopeKind": "class", "description": "unavailable"}, {"name": "EmailStr email", "scope": "UserCreate", "scopeKind": "class", "description": "unavailable"}, {"name": "Optional[int] eta_minutes", "scope": "DeliveryCreate", "scopeKind": "class", "description": "unavailable"}, {"name": "str event_type", "scope": "PaymentWebhookEvent", "scopeKind": "class", "description": "unavailable"}, {"name": "list[DeliveryStatusHistoryRead] history", "scope": "DeliveryWithHistoryRead", "scopeKind": "class", "description": "unavailable"}, {"name": "Optional[str] image_url", "scope": "MenuItemCreate", "scopeKind": "class", "description": "unavailable"}, {"name": "bool is_available", "scope": "MenuItemCreate", "scopeKind": "class", "description": "unavailable"}, {"name": "list[OrderItemCreate] items", "scope": "OrderCreate", "scopeKind": "class", "description": "unavailable"}, {"name": "list[OrderItemRead] items", "scope": "OrderRead", "scopeKind": "class", "description": "unavailable"}, {"name": "model_config = {\"from_attributes\": True}", "scope": "_BaseSchema", "scopeKind": "class", "description": "unavailable"}, {"name": "str name", "scope": "MenuItemCreate", "scopeKind": "class", "description": "unavailable"}, {"name": "Optional[str] note", "scope": "DeliveryStatusHistoryCreate", "scopeKind": "class", "description": "unavailable"}, {"name": "int order_id", "scope": "PaymentWebhookEvent", "scopeKind": "class", "description": "unavailable"}, {"name": "Optional[str] password", "scope": "UserCreate", "scopeKind": "class", "description": "unavailable"}, {"name": "Decimal price", "scope": "MenuItemCreate", "scopeKind": "class", "description": "unavailable"}, {"name": "str provider", "scope": "MockPaymentIntentCreate", "scopeKind": "class", "description": "unavailable"}, {"name": "Optional[str] provider_payment_id", "scope": "PaymentCreate", "scopeKind": "class", "description": "unavailable"}, {"name": "str provider_payment_id", "scope": "MockPaymentIntentRead", "scopeKind": "class", "description": "unavailable"}, {"name": "int quantity", "scope": "OrderItemCreate", "scopeKind": "class", "description": "unavailable"}, {"name": "Dict[str, Any] raw", "scope": "PaymentWebhookEvent", "scopeKind": "class", "description": "unavailable"}, {"name": "Optional[str] raw_payload", "scope": "PaymentCreate", "scopeKind": "class", "description": "unavailable"}, {"name": "str role", "scope": "UserCreate", "scopeKind": "class", "description": "unavailable"}, {"name": "str status", "scope": "PaymentWebhookEvent", "scopeKind": "class", "description": "unavailable"}, {"name": "bool succeed", "scope": "MockPaymentIntentCreate", "scopeKind": "class", "description": "unavailable"}]}