{"is_source_file": true, "format": "Python", "description": "Defines the base class for SQLAlchemy ORM models using DeclarativeBase.", "external_files": ["sqlalchemy.orm"], "external_methods": ["sqlalchemy.orm.DeclarativeBase"], "published": ["Base"], "classes": [{"name": "Base", "description": "Declarative base class for SQLAlchemy ORM models."}], "methods": [], "calls": ["sqlalchemy.orm.DeclarativeBase"], "search-terms": ["sqlalchemy", "DeclarativeBase", "Base class", "ORM models"], "state": 2, "file_id": 8, "knowledge_revision": 25, "git_revision": "522fd31268126df6cf88d0e597b3b54223ad0948", "ctags": [{"_type": "tag", "name": "Base", "path": "/home/kavia/workspace/code-generation/gourmet-express-216707-216717/food_delivery_backend/src/db/base.py", "pattern": "/^class Base(DeclarativeBase):$/", "language": "Python", "kind": "class"}], "hash": "391ac5494a310bf6d7e71ea8ceb99bbc", "format-version": 4, "code-base-name": "food_delivery_backend", "filename": "food_delivery_backend/src/db/base.py", "revision_history": [{"25": "522fd31268126df6cf88d0e597b3b54223ad0948"}]}