{"is_source_file": true, "format": "Python", "description": "This is the main source file for a FastAPI backend application for a food delivery service, setting up the app, middleware, and a health check endpoint.", "external_files": ["src/db/session.py"], "external_methods": ["engine.connect"], "published": ["app"], "classes": [], "methods": [{"name": "None _startup_db_smoke_test()", "description": "Performs a lightweight database connectivity check on startup.", "scope": "", "scopeKind": ""}, {"name": "health_check()", "description": "A GET endpoint that returns the health status of the service.", "scope": "", "scopeKind": ""}], "calls": ["engine.connect", "conn.execute"], "search-terms": ["FastAPI", "health check", "CORS middleware", "startup database test", "food delivery backend", "api main", "SQLAlchemy"], "state": 2, "file_id": 3, "knowledge_revision": 23, "git_revision": "522fd31268126df6cf88d0e597b3b54223ad0948", "revision_history": [{"9": "0e7b35df99ef9191407584292982b184fbfce528"}, {"23": "522fd31268126df6cf88d0e597b3b54223ad0948"}], "ctags": [{"_type": "tag", "name": "_startup_db_smoke_test", "path": "/home/kavia/workspace/code-generation/gourmet-express-216707-216717/food_delivery_backend/src/api/main.py", "pattern": "/^def _startup_db_smoke_test() -> None:$/", "language": "Python", "typeref": "typename:None", "kind": "function", "signature": "()"}, {"_type": "tag", "name": "app", "path": "/home/kavia/workspace/code-generation/gourmet-express-216707-216717/food_delivery_backend/src/api/main.py", "pattern": "/^app = FastAPI($/", "language": "Python", "kind": "variable"}, {"_type": "tag", "name": "health_check", "path": "/home/kavia/workspace/code-generation/gourmet-express-216707-216717/food_delivery_backend/src/api/main.py", "pattern": "/^def health_check():$/", "language": "Python", "kind": "function", "signature": "()"}, {"_type": "tag", "name": "openapi_tags", "path": "/home/kavia/workspace/code-generation/gourmet-express-216707-216717/food_delivery_backend/src/api/main.py", "pattern": "/^openapi_tags = [$/", "language": "Python", "kind": "variable"}], "hash": "18c9d8d23824e23d2a814147443a5c5c", "format-version": 4, "code-base-name": "food_delivery_backend", "filename": "food_delivery_backend/src/api/main.py", "fields": [{"name": "app = FastAPI(", "scope": "", "scopeKind": "", "description": "unavailable"}, {"name": "openapi_tags = [", "scope": "", "scopeKind": "", "description": "unavailable"}]}