{"is_source_file": true, "file_id": 1, "git_revision": "0e7b35df99ef9191407584292982b184fbfce528", "state": 2, "description": "", "external_files": [], "external_methods": [], "published": [], "classes": [], "methods": [], "calls": [], "search-terms": [], "ctags": [], "hash": null, "format-version": 4, "code-base-name": "food_delivery_backend", "filename": "food_delivery_backend/src/api/__init__.py", "knowledge_revision": 6, "revision_history": [{"6": "0e7b35df99ef9191407584292982b184fbfce528"}]}