{"is_source_file": false, "format": "", "description": "", "external_files": [], "external_methods": [], "published": [], "classes": [], "methods": [], "calls": [], "search-terms": [], "state": 2, "file_id": 4, "knowledge_revision": 7, "git_revision": "d8d526172d51723f55011a2c3f11cd6f47852a04", "hash": "516ae27fb32ec473dc73f8af8f7abe85", "format-version": 4, "code-base-name": "food_delivery_backend", "filename": "README.md", "revision_history": [{"7": "d8d526172d51723f55011a2c3f11cd6f47852a04"}]}